id,meansp1314,meansp1314a17,minsp1314,minsp1314a17,maxsp1314,maxsp1314a17,mediansp1314,mediansp1314a17,stddevsp1314,stddevsp1314a17,totsp1314,totsp1314a17,nums1314,mhi1314,mhi1314a17,pir1314,mean_sfno100517,tot_sfno100517,num_sfno100517,mean_sfoo100517,tot_sfoo100517,num_sfoo100517,prc_sfno100517,pop13,pop14,ptwhnl13,ptwhnl14,ptblknl13,ptblknl14,ptasnl13,ptasnl14,ptothnl13,ptothnl14,ptlat13,ptlat14,meansp1517,meansp1517a17,minsp1517,minsp1517a17,maxsp1517,maxsp1517a17,mediansp1517,mediansp1517a17,stddevsp1517,stddevsp1517a17,totsp1517,totsp1517a17,nums1517,mhi16,mhi16a17,pir1517,mgr_phi16,mmoc_phi16,mean_sfno011818,tot_sfno011818,num_sfno011818,mean_sfoo011818,tot_sfoo011818,num_sfoo011818,prc_sfno011818,pop16,ptwhnl16,ptblknl16,ptnanl16,ptasnl16,ptpanl16,ptothnl16,pt2mnl16,ptlat16
370630001011,NaN,NaN,NaN,NaN,NaN,NaN,NaN,NaN,NaN,NaN,NaN,NaN,NaN,NaN,NaN,NaN,NaN,NaN,NaN,NaN,NaN,NaN,NaN,1261,1261,43.30,43.30,30.10,30.10,1.40,1.40,1.90,1.90,23.30,23.30,NaN,NaN,NaN,NaN,NaN,NaN,NaN,NaN,NaN,NaN,NaN,NaN,NaN,NaN,NaN,NaN,NaN,NaN,NaN,NaN,NaN,NaN,NaN,NaN,NaN,1165,57.43,27.30,0.00,0.00,0.00,0.00,7.30,7.98
370630001012,90948.72,93672.23,18000.00,18539.02,185000.00,190539.92,88500.00,91150.18,46406.21,47795.87,3547000.00,3653216.77,39.00,37666.00,38793.93,2.35,94385.38,2265249.00,24.00,111086.86,46989742.00,423.00,5.37,1891,1891,15.50,15.50,65.60,65.60,1.00,1.00,2.60,2.60,15.20,15.20,131871.95,134571.82,36000.00,36737.04,435000.00,443905.94,123750.00,126283.59,64231.34,65546.37,10813500.00,11034889.28,82.00,48458.00,49450.10,2.55,22.20,19.20,94182.83,2166205.00,23.00,111159.80,47242914.00,425.00,5.13,1861,12.68,62.55,0.00,0.00,0.00,0.00,0.59,24.18
370630001021,129565.79,133445.71,31000.00,31928.31,251000.00,258516.33,139500.00,143677.40,47521.71,48944.77,4923500.00,5070936.78,38.00,33448.50,34450.13,4.17,126377.45,1390152.00,11.00,145806.21,48261856.00,331.00,3.22,2585,2585,25.00,25.00,34.70,34.70,0.80,0.80,2.40,2.40,37.00,37.00,176412.70,180024.47,41000.00,41839.41,435000.00,443905.94,170000.00,173480.48,69456.50,70878.51,11114000.00,11341541.54,63.00,35387.00,36111.49,4.80,41.70,14.10,126377.45,1390152.00,11.00,145789.92,48256465.00,331.00,3.22,2918,33.38,36.60,0.00,0.51,0.00,0.00,0.00,29.51
370630001022,144633.44,148964.56,40000.00,41197.82,600000.00,617967.31,129000.00,132862.97,76340.84,78626.91,8967273.00,9235802.67,62.00,39839.50,41032.51,3.24,127027.20,3175680.00,25.00,145069.79,57302566.00,395.00,5.95,1950,1950,45.10,45.10,33.30,33.30,2.30,2.30,2.10,2.10,17.20,17.20,174965.28,178547.42,35000.00,35716.57,451000.00,460233.51,172500.00,176031.66,74082.57,75599.29,12597500.00,12855413.85,72.00,51956.00,53019.72,3.32,21.00,16.50,124799.79,2995195.00,24.00,144828.32,57352016.00,396.00,5.71,1588,53.46,20.78,0.00,2.39,0.00,0.00,5.10,18.26
370630002001,151568.18,156106.97,40000.00,41197.82,355000.00,365630.66,130500.00,134407.89,87785.76,90414.55,3334500.00,3434353.34,22.00,28024.00,28863.19,4.66,147285.20,1472852.00,10.00,196170.88,33349049.00,170.00,5.56,861,861,34.00,34.00,49.10,49.10,0.20,0.20,3.10,3.10,13.50,13.50,230428.57,235146.23,67500.00,68881.96,451000.00,460233.51,225750.00,230371.87,92407.38,94299.27,6452000.00,6584094.48,28.00,28375.00,28955.93,7.96,35.70,30.60,147285.20,1472852.00,10.00,194729.51,33493476.00,172.00,5.49,1219,27.40,31.50,1.07,0.00,0.00,0.00,0.90,39.13
370630002002,171088.24,176211.57,40000.00,41197.82,390000.00,401678.75,139000.00,143162.43,102560.23,105631.45,2908500.00,2995596.55,17.00,33571.50,34576.82,4.14,149806.00,1947478.00,13.00,208266.22,29782070.00,143.00,8.33,1111,1111,23.00,23.00,46.50,46.50,1.00,1.00,2.50,2.50,27.00,27.00,305034.09,311279.18,80000.00,81637.87,650000.00,663307.72,306000.00,312264.87,144510.86,147469.49,13421500.00,13696283.95,44.00,38824.00,39618.86,7.88,27.40,17.70,149806.00,1947478.00,13.00,206901.24,30000680.00,145.00,8.23,903,43.08,43.08,0.00,0.00,0.00,0.00,0.11,13.73
370630002003,285500.00,294049.45,150000.00,154491.83,474500.00,488709.15,286000.00,294564.42,89066.09,91733.22,8279500.00,8527433.95,29.00,47400.50,48819.93,6.03,181789.73,2726846.00,15.00,288738.00,73916927.00,256.00,5.54,974,974,61.60,61.60,17.80,17.80,1.00,1.00,2.30,2.30,17.40,17.40,334059.52,340898.86,70000.00,71433.14,600000.00,612284.05,330500.00,337266.46,112500.63,114803.90,14030500.00,14317752.26,42.00,56359.00,57512.86,5.86,23.80,15.90,181789.73,2726846.00,15.00,288464.95,73847026.00,256.00,5.54,1117,60.61,12.89,0.00,1.52,0.00,0.00,0.00,24.98
370630003011,84750.00,87287.88,38000.00,39137.93,150000.00,154491.83,72750.00,74928.54,38951.72,40118.15,847500.00,872878.83,10.00,32741.50,33721.96,2.22,105497.35,2426439.00,23.00,151766.58,17301390.00,114.00,16.79,1019,1019,26.50,26.50,48.20,48.20,1.70,1.70,3.40,3.40,20.20,20.20,190042.86,193933.69,28000.00,28573.26,633000.00,645959.67,134000.00,136743.44,144308.05,147262.53,6651500.00,6787678.92,35.00,26250.00,26787.43,5.10,32.20,21.80,105497.35,2426439.00,23.00,151314.75,16947252.00,112.00,17.04,995,29.75,33.47,0.00,7.24,0.00,0.00,1.21,28.34
370630003012,157117.65,161822.62,37000.00,38107.98,281000.00,289414.69,157500.00,162216.42,71937.15,74091.35,2671000.00,2750984.49,17.00,49137.00,50608.43,3.21,117893.20,1768398.00,15.00,174181.07,20553366.00,118.00,11.28,728,728,25.50,25.50,46.30,46.30,1.90,1.90,1.90,1.90,24.30,24.30,254823.53,260040.64,65500.00,66841.01,520000.00,530646.18,251000.00,256138.83,107262.23,109458.25,4332000.00,4420690.84,17.00,34250.00,34951.21,7.33,31.00,12.10,117893.20,1768398.00,15.00,174232.82,20907938.00,120.00,11.11,714,28.43,52.24,0.00,2.52,0.00,0.00,0.56,16.25
370630003013,357571.43,368279.09,155000.00,159641.56,817500.00,841980.46,205000.00,211138.83,261210.71,269032.80,2503000.00,2577953.64,7.00,43823.00,45135.30,4.68,212958.31,2768458.00,13.00,373561.15,38476798.00,103.00,11.21,757,757,58.00,58.00,16.60,16.60,3.00,3.00,4.40,4.40,18.00,18.00,484961.54,494890.36,200000.00,204094.68,1070000.00,1091906.55,498500.00,508706.00,266003.17,271449.16,6304500.00,6433574.65,13.00,52031.00,53096.25,9.58,27.00,13.30,212958.31,2768458.00,13.00,371764.95,38663555.00,104.00,11.11,869,64.67,11.51,0.00,3.22,0.00,0.00,0.00,20.60
370630003021,292134.15,300882.26,13000.00,13389.29,645000.00,664314.86,272000.00,280145.18,130780.83,134697.13,11977500.00,12336172.49,41.00,75859.50,78131.15,3.59,255246.57,1786726.00,7.00,321495.32,97091588.00,302.00,2.27,779,779,77.70,77.70,10.00,10.00,2.30,2.30,3.00,3.00,7.10,7.10,309758.62,316100.44,5000.00,5102.37,680000.00,693921.92,302500.00,308693.21,115452.48,117816.19,17966000.00,18333825.38,58.00,74554.00,76080.38,4.06,21.70,22.10,253532.25,2028258.00,8.00,321017.25,96947209.00,302.00,2.58,849,75.38,13.07,0.00,6.83,0.00,0.00,0.00,4.71
370630003022,308214.29,317443.93,50000.00,51497.28,650000.00,669464.59,265000.00,272935.56,159488.68,164264.65,6472500.00,6666322.39,21.00,43954.00,45270.23,6.03,249018.12,4233308.00,17.00,323024.49,58144409.00,180.00,8.63,1114,1114,50.40,50.40,15.60,15.60,2.40,2.40,2.30,2.30,29.20,29.20,283700.00,289508.31,63500.00,64800.06,535000.00,545953.28,295000.00,301039.66,137143.40,139951.19,7092500.00,7237707.70,25.00,59583.00,60802.87,4.95,30.00,17.10,249018.12,4233308.00,17.00,323317.69,58197184.00,180.00,8.63,1206,58.21,18.08,0.00,0.00,0.00,0.00,5.64,18.08
370630003023,500928.57,515929.14,32000.00,32958.26,800000.00,823956.42,487000.00,501583.47,237618.83,244734.45,10519500.00,10834511.92,21.00,26316.50,27104.56,18.51,418659.86,2930619.00,7.00,488122.00,103969985.00,213.00,3.18,1533,1533,58.10,58.10,15.90,15.90,2.60,2.60,3.10,3.10,20.40,20.40,592657.89,604791.62,77500.00,79086.69,1425000.00,1454174.62,582500.00,594425.76,365612.27,373097.60,11260500.00,11491040.90,19.00,34805.00,35517.58,16.74,28.30,16.50,392608.88,3140871.00,8.00,487579.95,104342110.00,214.00,3.60,1538,58.19,7.54,0.00,5.72,0.00,0.00,2.93,25.62
370630004011,177304.35,182613.82,50500.00,52012.25,291000.00,299714.15,185750.00,191312.38,64801.62,66742.14,8156000.00,8400235.68,46.00,56005.50,57682.61,3.32,188504.69,2450561.00,13.00,213234.43,67595314.00,317.00,3.94,898,898,70.00,70.00,13.60,13.60,1.80,1.80,3.30,3.30,11.20,11.20,271608.70,277169.46,46000.00,46941.78,800000.00,816378.73,260000.00,265323.09,142954.25,145881.01,18741000.00,19124692.28,69.00,64453.00,65772.57,4.03,27.80,14.60,190192.23,2472499.00,13.00,212625.43,67827513.00,319.00,3.92,789,87.71,1.01,0.00,0.00,0.00,0.00,1.14,10.14
370630004012,319585.71,329155.87,107000.00,110204.17,823000.00,847645.16,328000.00,337822.13,126352.01,130135.69,11185500.00,11520455.64,35.00,74559.50,76792.22,4.40,261761.00,785283.00,3.00,320967.67,104956427.00,327.00,0.91,931,931,84.70,84.70,4.20,4.20,4.20,4.20,2.30,2.30,4.60,4.60,369547.62,377113.52,122000.00,124497.76,767500.00,783213.35,348500.00,355634.99,135636.43,138413.37,15521000.00,15838767.88,42.00,70441.00,71883.17,4.95,28.80,17.20,210417.00,841668.00,4.00,321606.70,104843784.00,326.00,1.21,1189,86.38,0.76,0.00,3.45,0.00,0.00,1.26,8.16
370630004013,311684.21,321017.76,85000.00,87545.37,600000.00,617967.31,320000.00,329582.57,131986.76,135939.17,5922000.00,6099337.38,19.00,61596.50,63441.04,5.20,250886.22,2257976.00,9.00,342491.98,72950792.00,213.00,4.05,694,694,80.00,80.00,6.50,6.50,4.00,4.00,2.60,2.60,6.90,6.90,390840.91,398842.76,190500.00,194400.19,880000.00,898016.61,355250.00,362523.18,149302.67,152359.41,17197000.00,17549081.33,44.00,85598.00,87350.48,4.15,36.40,17.80,243749.10,2437491.00,10.00,342491.98,72950792.00,213.00,4.48,1057,86.28,3.22,0.00,5.68,0.00,0.00,0.00,4.82
370630004021,237933.33,245058.37,20000.00,20598.91,420000.00,432577.12,246500.00,253881.57,90306.25,93010.52,7138000.00,7351751.14,30.00,36783.50,37885.00,6.70,173893.81,4521239.00,26.00,266931.20,64063489.00,240.00,9.77,1963,1963,69.40,69.40,7.60,7.60,5.20,5.20,2.50,2.50,15.20,15.20,305391.30,311643.70,145000.00,147968.65,656000.00,669430.56,278500.00,284201.85,111041.33,113314.73,14048000.00,14335610.54,46.00,44100.00,45002.88,6.32,33.80,19.70,179915.64,4497891.00,25.00,264739.49,64066956.00,242.00,9.36,2054,75.02,3.99,0.00,9.25,0.00,1.07,2.63,8.03
370630005001,151000.00,155521.77,151000.00,155521.77,151000.00,155521.77,151000.00,155521.77,NaN,NaN,151000.00,155521.77,1.00,5076.50,5228.52,29.74,108724.00,217448.00,2.00,188815.67,566447.00,3.00,40.00,1155,1155,48.40,48.40,22.90,22.90,20.00,20.00,1.80,1.80,6.90,6.90,NaN,NaN,NaN,NaN,NaN,NaN,NaN,NaN,NaN,NaN,NaN,NaN,NaN,NaN,NaN,NaN,NaN,NaN,108724.00,217448.00,2.00,188815.67,566447.00,3.00,40.00,924,58.66,26.41,0.43,9.63,0.00,0.00,3.79,1.08
370630005002,247416.67,254825.69,51000.00,52527.22,325000.00,334732.29,275000.00,283235.02,81611.28,84055.17,2969000.00,3057908.25,12.00,24758.00,25499.39,11.11,164143.82,1805582.00,11.00,226621.70,17903114.00,79.00,12.22,584,584,50.90,50.90,31.20,31.20,2.20,2.20,3.80,3.80,12.00,12.00,307038.46,313324.59,23500.00,23981.13,585000.00,596976.95,330000.00,336756.23,167825.98,171261.95,3991500.00,4073219.64,13.00,28125.00,28700.81,11.73,38.90,11.60,171455.58,2057467.00,12.00,223780.99,17902479.00,80.00,13.04,616,54.06,23.38,0.00,17.21,0.00,0.00,3.57,1.79
370630005003,95000.00,97844.82,1000.00,1029.95,199000.00,204959.16,104500.00,107629.31,64748.41,66687.33,760000.00,782758.60,8.00,23911.00,24627.03,4.37,124520.93,1867814.00,15.00,162162.80,14108164.00,87.00,14.71,1289,1289,7.80,7.80,49.70,49.70,2.40,2.40,1.70,1.70,38.40,38.40,244750.00,249760.87,4000.00,4081.89,509000.00,519420.97,240750.00,245678.97,135543.89,138318.94,7832000.00,7992347.79,32.00,24667.00,25172.02,9.76,40.90,22.70,121472.83,1457674.00,12.00,161031.13,14492802.00,90.00,11.76,1039,18.09,63.52,0.00,12.61,0.00,0.00,3.18,2.60
370630005004,126294.12,130076.06,27500.00,28323.50,355000.00,365630.66,113000.00,116383.84,81625.87,84070.20,2147000.00,2211293.04,17.00,19080.00,19651.36,5.92,115746.31,1504702.00,13.00,130231.51,16669633.00,128.00,9.22,1065,1065,6.40,6.40,71.00,71.00,0.20,0.20,3.20,3.20,19.20,19.20,175555.17,179149.38,24000.00,24491.36,360000.00,367370.43,145500.00,148478.88,106301.25,108477.60,5091100.00,5195332.21,29.00,34554.00,35261.44,4.21,38.70,23.00,102172.47,1532587.00,15.00,128687.66,16858083.00,131.00,10.27,1191,13.69,64.90,0.00,0.00,0.00,0.00,0.00,21.41
370630006001,193271.19,199058.80,20000.00,20598.91,570000.00,587068.95,170000.00,175090.74,100847.50,103867.43,11403000.00,11744468.79,59.00,54084.50,55704.09,3.14,192450.24,9622512.00,50.00,227014.12,111236920.00,490.00,9.26,2431,2431,41.80,41.80,35.30,35.30,1.90,1.90,3.40,3.40,17.70,17.70,263035.35,268420.58,55000.00,56126.04,660000.00,673512.45,248000.00,253077.41,113312.60,115632.50,26040500.00,26573637.98,99.00,41591.00,42442.51,5.96,30.10,17.60,187008.52,8976409.00,48.00,226241.28,112441918.00,497.00,8.81,2989,39.55,38.11,0.00,5.29,0.00,0.00,7.83,9.23
370630006002,293142.86,301921.18,70000.00,72096.19,795000.00,818806.69,276250.00,284522.45,163147.28,168032.81,8208000.00,8453792.84,28.00,43258.50,44553.90,6.39,208882.47,3133237.00,15.00,294373.91,93022156.00,316.00,4.53,2228,2228,34.40,34.40,17.50,17.50,3.40,3.40,1.30,1.30,43.30,43.30,356406.98,363703.85,27000.00,27552.78,950000.00,969449.74,327000.00,333694.81,196694.78,200721.79,15325500.00,15639265.33,43.00,32184.00,32842.92,10.16,41.40,14.10,202278.00,3236448.00,16.00,294832.77,93167156.00,316.00,4.82,2406,38.03,39.11,0.00,6.86,0.00,0.00,0.58,15.42
370630006003,464882.35,478803.49,267000.00,274995.45,781000.00,804387.45,440000.00,453176.03,149374.17,153847.26,7903000.00,8139659.46,17.00,144365.50,148688.60,3.05,NaN,NaN,NaN,465869.12,93639693.00,201.00,NaN,518,518,84.90,84.90,7.50,7.50,3.50,3.50,1.20,1.20,2.90,2.90,559617.65,571074.93,330000.00,336756.23,1095000.00,1117418.39,465000.00,474520.14,206464.85,210691.89,9513500.00,9708273.84,17.00,110326.00,112584.75,4.21,NaN,21.30,NaN,NaN,NaN,466558.86,93311771.00,200.00,NaN,622,90.35,4.18,0.00,2.41,0.00,0.00,3.06,0.00
370630007001,349576.92,360045.18,140000.00,144192.37,835000.00,860004.51,285000.00,293534.47,198775.40,204727.83,4544500.00,4680587.42,13.00,19281.50,19858.89,14.78,147755.14,1034286.00,7.00,294556.59,24153640.00,82.00,7.87,718,718,51.80,51.80,38.30,38.30,1.50,1.50,2.40,2.40,6.00,6.00,326333.33,333014.49,52000.00,53064.62,523000.00,533707.60,332500.00,339307.41,129069.46,131711.95,3916000.00,3996173.90,12.00,22105.00,22557.56,15.04,25.70,17.50,162314.57,1136202.00,7.00,293159.26,24039059.00,82.00,7.87,909,66.12,26.62,0.00,2.75,0.00,0.00,0.99,3.52
370630007002,357552.63,368259.73,134000.00,138012.70,867500.00,893477.74,329000.00,338852.08,175559.10,180816.31,13587000.00,13993869.81,38.00,69916.50,72010.19,4.71,199238.00,1992380.00,10.00,383162.88,135639659.00,354.00,2.75,1030,1030,72.60,72.60,18.30,18.30,1.80,1.80,2.80,2.80,4.40,4.40,444534.88,453636.03,177000.00,180623.79,1100000.00,1122520.76,392000.00,400025.58,207380.27,211626.05,19115000.00,19506349.34,43.00,59097.00,60306.92,6.63,23.90,15.50,199238.00,1992380.00,10.00,384248.33,135639659.00,353.00,2.75,1475,52.41,39.59,0.00,0.95,0.00,1.56,3.25,2.24
370630007003,275391.89,283638.64,59000.00,60766.79,850000.00,875453.69,270000.00,278085.29,151192.12,155719.65,10189500.00,10494629.90,37.00,66408.00,68396.62,4.07,248073.25,1984586.00,8.00,311719.67,103179210.00,331.00,2.36,1082,1082,47.60,47.60,43.90,43.90,1.60,1.60,2.70,2.70,4.30,4.30,358543.10,365883.70,5000.00,5102.37,850000.00,867402.40,300000.00,306142.02,178043.47,181688.63,20795500.00,21221254.91,58.00,76071.00,77628.43,3.94,50.00,13.20,249538.43,1746769.00,7.00,311779.68,103510853.00,332.00,2.06,1347,45.58,38.16,0.00,5.20,0.00,0.00,1.34,9.73
370630009001,51893.55,53447.53,16000.00,16479.13,129000.00,132862.97,29500.00,30383.39,44571.89,45906.62,570829.00,587922.77,11.00,28682.50,29541.41,1.03,59260.53,1007429.00,17.00,76625.30,4674143.00,61.00,21.79,801,801,4.50,4.50,52.30,52.30,0.00,0.00,1.70,1.70,41.40,41.40,96416.67,98390.65,40000.00,40818.94,209000.00,213278.94,66000.00,67351.25,58881.73,60087.24,2314000.00,2361375.48,24.00,23281.00,23757.64,2.83,43.60,15.00,56658.53,849878.00,15.00,76770.02,4682971.00,61.00,19.74,845,6.51,46.15,0.00,0.00,0.00,0.00,0.00,47.34
370630009002,71826.92,73977.81,15000.00,15449.18,270000.00,278085.29,46000.00,47377.49,70337.04,72443.32,1867500.00,1923423.26,26.00,16479.50,16972.99,2.79,125059.18,2751302.00,22.00,135981.36,14550005.00,107.00,17.05,867,867,3.00,3.00,79.60,79.60,1.00,1.00,2.10,2.10,14.30,14.30,179928.57,183612.32,25000.00,25511.84,1095000.00,1117418.39,117250.00,119650.51,151744.43,154851.16,12595000.00,12852862.67,70.00,26444.00,26985.40,4.43,42.20,31.60,113124.30,2601859.00,23.00,136220.62,14439386.00,106.00,17.83,1154,3.38,80.50,0.00,0.00,0.00,0.00,1.91,14.21
370630010011,76086.96,78365.42,5000.00,5149.73,132000.00,135952.81,89000.00,91665.15,42300.51,43567.22,1750000.00,1802404.66,23.00,29461.50,30343.74,3.02,66707.82,733786.00,11.00,88035.87,11092520.00,126.00,8.03,878,878,9.30,9.30,67.50,67.50,0.00,0.00,1.80,1.80,21.30,21.30,124675.68,127228.22,22500.00,22960.65,339000.00,345940.49,102000.00,104088.29,78367.65,79972.10,4613000.00,4707443.87,37.00,41316.00,42161.88,2.47,19.90,10.00,63406.20,634062.00,10.00,87365.13,11008007.00,126.00,7.35,1296,10.57,53.70,9.26,0.00,0.00,0.00,2.16,24.31
370630010012,69535.71,71617.99,10000.00,10299.46,131000.00,134922.86,64000.00,65916.51,38792.10,39953.75,1460250.00,1503977.95,21.00,16224.50,16710.35,3.94,70265.14,1545833.00,22.00,80135.18,11779872.00,147.00,13.02,1299,1299,8.70,8.70,61.00,61.00,0.20,0.20,1.50,1.50,28.70,28.70,121962.69,124459.68,30500.00,31124.44,399000.00,407168.89,105000.00,107149.71,83121.00,84822.77,8171500.00,8338798.51,67.00,26203.00,26739.46,4.01,32.90,26.00,71196.45,1423929.00,20.00,79836.03,12454420.00,156.00,11.36,1175,6.21,66.98,1.02,0.00,0.00,0.00,4.60,21.19
370630010013,63579.16,65483.07,8000.00,8239.56,166000.00,170970.96,40000.00,41197.82,47595.43,49020.70,1970954.00,2029975.25,31.00,20902.50,21528.44,1.91,59083.74,1595261.00,27.00,75222.36,14894027.00,198.00,12.00,1289,1289,7.40,7.40,68.80,68.80,0.00,0.00,1.80,1.80,22.00,22.00,126209.46,128793.40,10500.00,10714.97,800000.00,816378.73,75500.00,77045.74,155919.10,159111.30,9339500.00,9530711.46,74.00,37865.00,38640.23,1.99,29.50,12.20,58805.18,1646545.00,28.00,73896.91,15074969.00,204.00,12.07,1906,10.23,50.05,10.07,0.00,0.00,0.00,0.05,29.59
370630010021,47434.78,48855.24,22500.00,23173.77,88000.00,90635.21,45000.00,46347.55,17073.57,17584.85,1091000.00,1123670.56,23.00,22019.50,22678.89,2.04,75387.27,1960069.00,26.00,91745.87,22477739.00,245.00,9.59,3045,3045,4.40,4.40,52.50,52.50,0.60,0.60,1.70,1.70,40.80,40.80,89826.53,91665.59,28500.00,29083.49,180000.00,183685.21,95000.00,96944.97,38201.16,38983.27,4401500.00,4491613.74,49.00,29665.00,30272.34,3.20,30.80,19.20,76994.44,2078850.00,27.00,91914.53,22427146.00,244.00,9.96,2654,2.60,33.87,0.00,0.00,0.00,0.00,1.96,61.57
370630010022,40750.00,41970.28,17000.00,17509.07,57000.00,58706.89,44500.00,45832.58,16899.21,17405.27,163000.00,167881.12,4.00,20835.50,21459.43,2.14,72134.79,1009887.00,14.00,83963.16,8228390.00,98.00,12.50,787,787,9.80,9.80,61.20,61.20,0.00,0.00,1.40,1.40,27.60,27.60,141476.19,144372.69,35000.00,35716.57,675000.00,688819.56,117500.00,119905.63,143950.47,146897.63,2971000.00,3031826.52,21.00,24063.00,24555.65,4.88,31.40,15.60,72134.79,1009887.00,14.00,83928.44,8308916.00,99.00,12.39,898,3.01,83.63,0.00,0.00,0.00,0.00,0.00,13.36
370630010023,38966.67,40133.55,15000.00,15449.18,70000.00,72096.19,34000.00,35018.15,16764.62,17266.65,584500.00,602003.16,15.00,30817.50,31740.35,1.10,75855.00,1061970.00,14.00,77825.06,5525579.00,71.00,16.47,846,846,9.00,9.00,50.60,50.60,0.00,0.00,1.50,1.50,38.90,38.90,82152.17,83834.11,26000.00,26532.31,190000.00,193889.95,80000.00,81637.87,36748.36,37500.72,1889500.00,1928184.52,23.00,19920.00,20327.83,4.02,43.90,27.90,75259.20,1128888.00,15.00,76644.70,5671708.00,74.00,16.85,641,0.47,61.78,0.00,0.00,0.00,0.00,0.00,37.75
370630010024,40300.00,41506.80,12500.00,12874.32,90000.00,92695.10,35000.00,36048.09,23840.84,24554.77,604500.00,622602.07,15.00,28583.00,29438.93,1.22,60704.47,910567.00,15.00,75411.15,7164059.00,95.00,13.64,1296,1296,6.70,6.70,37.40,37.40,0.20,0.20,1.20,1.20,54.50,54.50,111406.25,113687.12,30000.00,30614.20,245000.00,250015.99,98000.00,100006.39,56419.29,57574.39,3565000.00,3637987.73,32.00,30385.00,31007.08,3.23,34.60,21.60,61441.24,1044501.00,17.00,76032.24,7375127.00,97.00,14.91,1583,10.55,28.43,1.83,0.00,0.00,0.00,2.21,56.98
370630011001,189120.00,194783.30,22500.00,23173.77,370000.00,381079.84,214500.00,220923.31,107071.07,110277.37,4728000.00,4869582.43,25.00,17024.50,17534.31,12.60,134996.14,1889946.00,14.00,188652.18,25468044.00,135.00,9.40,1947,1947,7.10,7.10,61.60,61.60,0.20,0.20,1.70,1.70,29.40,29.40,234400.00,239198.97,32500.00,33165.39,549000.00,560239.91,260000.00,265323.09,137869.95,140692.62,12892000.00,13155943.27,55.00,20441.00,20859.50,12.72,28.10,24.60,123887.56,1982201.00,16.00,184257.65,25611813.00,139.00,10.32,2321,12.80,59.11,0.69,0.00,0.00,0.00,0.39,27.01
370630011002,57928.57,59663.27,14000.00,14419.24,106500.00,109689.20,41500.00,42742.74,39584.75,40770.14,405500.00,417642.91,7.00,21173.50,21807.55,1.96,80613.00,322452.00,4.00,84590.42,6428872.00,76.00,5.00,1278,1278,6.70,6.70,71.60,71.60,0.00,0.00,2.00,2.00,19.60,19.60,183852.94,187617.04,51000.00,52044.14,1250000.00,1275591.77,124000.00,126538.70,278454.99,284155.91,3125500.00,3189489.66,17.00,20591.00,21012.57,6.02,29.80,31.40,80613.00,322452.00,4.00,84247.58,6402816.00,76.00,5.00,1296,5.48,76.47,0.00,0.00,0.00,0.00,0.31,17.75
370630013011,36327.59,37415.44,10000.00,10299.46,110000.00,113294.01,27500.00,28323.50,25690.91,26460.24,1053500.00,1085047.61,29.00,16055.50,16536.29,1.71,59670.22,2685160.00,45.00,71960.27,10362279.00,144.00,23.81,1128,1128,2.30,2.30,88.30,88.30,0.30,0.30,2.00,2.00,7.10,7.10,151559.70,154662.64,10000.00,10204.73,1095000.00,1117418.39,85000.00,86740.24,220371.91,224883.68,10154500.00,10362397.30,67.00,23587.00,24069.91,3.60,33.70,35.80,57924.02,2606581.00,45.00,71616.74,10456044.00,146.00,23.56,1408,4.12,79.76,0.00,0.36,0.00,0.00,3.20,12.57
370630013031,65315.79,67271.71,26000.00,26778.58,190000.00,195689.65,56000.00,57676.95,36800.97,37902.99,1241000.00,1278162.39,19.00,26456.00,27248.24,2.12,74912.50,2547025.00,34.00,90535.24,15390990.00,170.00,16.67,3121,3121,2.10,2.10,92.80,92.80,0.00,0.00,2.10,2.10,3.00,3.00,121361.11,123845.79,500.00,510.24,838000.00,855156.72,88750.00,90567.02,136331.35,139122.52,4369000.00,4458448.35,36.00,20977.00,21406.47,4.23,37.30,27.00,74982.37,2624383.00,35.00,90789.39,15071039.00,166.00,17.41,3122,7.14,76.23,0.19,3.01,0.00,0.00,2.85,10.57
370630013032,43166.67,44459.32,29000.00,29868.42,64000.00,65916.51,36500.00,37593.01,18427.79,18979.62,129500.00,133377.95,3.00,41294.50,42531.09,0.88,78713.56,1259417.00,16.00,97604.80,12493415.00,128.00,11.11,555,555,0.20,0.20,93.50,93.50,0.20,0.20,4.00,4.00,2.20,2.20,146111.11,149102.50,21000.00,21429.94,838000.00,855156.72,85000.00,86740.24,204885.87,209080.58,3945000.00,4025767.62,27.00,35521.00,36248.24,2.39,30.20,32.50,78713.56,1259417.00,16.00,97604.80,12493415.00,128.00,11.11,469,8.74,91.26,0.00,0.00,0.00,0.00,0.00,0.00
370630013041,51650.00,53196.69,16000.00,16479.13,101000.00,104024.50,50250.00,51754.76,23488.58,24191.96,1033000.00,1063933.72,20.00,22371.00,23040.91,2.25,87118.15,2962017.00,34.00,97659.20,28711805.00,294.00,10.37,2557,2557,1.50,1.50,84.40,84.40,0.10,0.10,2.20,2.20,11.80,11.80,143134.15,146064.59,11000.00,11225.21,838000.00,855156.72,85000.00,86740.24,202370.36,206513.57,5868500.00,5988648.24,41.00,21229.00,21663.63,4.00,32.40,13.30,85824.09,2832195.00,33.00,97809.04,28853667.00,295.00,10.06,3006,3.09,83.13,0.00,0.00,0.00,0.00,5.69,8.08
370630014001,61050.00,62878.17,12000.00,12359.35,166000.00,170970.96,47500.00,48922.41,51485.95,53027.72,610500.00,628781.74,10.00,16133.50,16616.63,2.94,61944.10,619441.00,10.00,75462.75,6263408.00,83.00,10.75,984,984,0.50,0.50,94.90,94.90,0.00,0.00,1.20,1.20,3.40,3.40,72476.19,73960.03,40000.00,40818.94,136000.00,138784.38,62500.00,63779.59,24516.05,25017.98,1522000.00,1553160.54,21.00,35781.00,36513.56,1.75,16.30,14.10,61944.10,619441.00,10.00,75151.32,6312711.00,84.00,10.64,626,0.00,66.29,0.00,0.00,0.00,0.00,4.47,29.23
370630014002,43533.61,44837.25,5500.00,5664.70,150000.00,154491.83,35250.00,36305.58,36324.19,37411.94,783605.00,807070.46,18.00,15714.00,16184.56,2.24,59396.23,2554038.00,43.00,58934.79,6836436.00,116.00,27.04,1625,1625,1.70,1.70,85.20,85.20,0.10,0.10,2.30,2.30,10.70,10.70,58689.19,59890.76,1000.00,1020.47,135000.00,137763.91,53000.00,54085.09,33874.64,34568.17,2171500.00,2215958.02,37.00,16974.00,17321.52,3.12,31.40,19.50,57438.76,2412428.00,42.00,59641.42,6978046.00,117.00,26.42,1916,1.72,81.78,0.00,0.00,0.00,0.00,9.55,6.94
370630015011,NaN,NaN,NaN,NaN,NaN,NaN,NaN,NaN,NaN,NaN,NaN,NaN,NaN,NaN,NaN,NaN,NaN,NaN,NaN,NaN,NaN,NaN,NaN,3070,3070,49.70,49.70,11.60,11.60,31.30,31.30,1.30,1.30,6.10,6.10,NaN,NaN,NaN,NaN,NaN,NaN,NaN,NaN,NaN,NaN,NaN,NaN,NaN,NaN,NaN,NaN,NaN,NaN,NaN,NaN,NaN,NaN,NaN,NaN,NaN,2911,44.90,22.88,0.00,22.12,0.34,0.00,2.44,7.32
370630015021,84625.00,87159.14,63500.00,65401.54,99500.00,102479.58,87750.00,90377.72,16250.00,16736.61,338500.00,348636.56,4.00,25510.00,26273.91,3.44,115871.50,463486.00,4.00,106320.30,5316015.00,50.00,7.41,2391,2391,9.70,9.70,39.70,39.70,1.90,1.90,1.20,1.20,47.50,47.50,121285.71,123768.84,56000.00,57146.51,225000.00,229606.52,122000.00,124497.76,60524.69,61763.84,849000.00,866381.93,7.00,26691.00,27237.46,4.57,32.40,NaN,115871.50,463486.00,4.00,107279.41,5471250.00,51.00,7.27,2827,16.24,33.00,0.00,8.74,0.00,0.00,1.88,40.15
370630015022,NaN,NaN,NaN,NaN,NaN,NaN,NaN,NaN,NaN,NaN,NaN,NaN,NaN,NaN,NaN,NaN,NaN,NaN,NaN,NaN,NaN,NaN,NaN,1024,1024,63.60,63.60,2.30,2.30,23.30,23.30,2.90,2.90,7.80,7.80,NaN,NaN,NaN,NaN,NaN,NaN,NaN,NaN,NaN,NaN,NaN,NaN,NaN,NaN,NaN,NaN,NaN,NaN,NaN,NaN,NaN,NaN,NaN,NaN,NaN,947,57.97,0.00,0.00,26.29,0.00,1.16,1.69,12.88
370630015023,NaN,NaN,NaN,NaN,NaN,NaN,NaN,NaN,NaN,NaN,NaN,NaN,NaN,NaN,NaN,NaN,105884.00,211768.00,2.00,94981.00,94981.00,1.00,66.67,2117,2117,20.50,20.50,32.30,32.30,26.80,26.80,2.40,2.40,18.00,18.00,152333.33,155452.11,140000.00,142866.28,175000.00,178582.85,142000.00,144907.23,19655.36,20057.77,457000.00,466356.35,3.00,24444.00,24944.45,5.81,31.60,NaN,105884.00,211768.00,2.00,94981.00,94981.00,1.00,66.67,2129,15.45,33.11,1.83,39.55,0.94,0.00,4.84,4.27
370630015024,NaN,NaN,NaN,NaN,NaN,NaN,NaN,NaN,NaN,NaN,NaN,NaN,NaN,NaN,NaN,NaN,NaN,NaN,NaN,NaN,NaN,NaN,NaN,454,454,7.30,7.30,71.80,71.80,4.40,4.40,2.20,2.20,14.30,14.30,NaN,NaN,NaN,NaN,NaN,NaN,NaN,NaN,NaN,NaN,NaN,NaN,NaN,NaN,NaN,NaN,NaN,NaN,NaN,NaN,NaN,NaN,NaN,NaN,NaN,389,26.48,67.35,6.17,0.00,0.00,0.00,0.00,0.00
370630015031,NaN,NaN,NaN,NaN,NaN,NaN,NaN,NaN,NaN,NaN,NaN,NaN,NaN,NaN,NaN,NaN,NaN,NaN,NaN,NaN,NaN,NaN,NaN,1941,1941,53.80,53.80,12.40,12.40,22.80,22.80,2.00,2.00,9.00,9.00,NaN,NaN,NaN,NaN,NaN,NaN,NaN,NaN,NaN,NaN,NaN,NaN,NaN,NaN,NaN,NaN,NaN,NaN,NaN,NaN,NaN,NaN,NaN,NaN,NaN,1642,39.89,28.68,0.49,19.98,0.00,0.30,1.95,8.71
370630016011,246000.00,253366.60,39000.00,40167.88,607500.00,625691.90,220000.00,226588.01,125799.17,129566.29,9102000.00,9374564.14,37.00,80002.50,82398.22,2.75,157956.06,2527297.00,16.00,232846.55,88481688.00,380.00,4.04,1124,1124,72.40,72.40,17.20,17.20,2.60,2.60,2.40,2.40,5.40,5.40,246947.76,252003.62,18000.00,18368.52,605000.00,617386.42,225000.00,229606.52,125937.82,128516.20,16545500.00,16884242.90,67.00,91597.00,93472.30,2.46,NaN,18.20,159779.33,2396690.00,15.00,232778.13,88921246.00,382.00,3.78,1407,63.90,20.90,0.00,8.81,0.00,0.00,2.77,3.62
370630016012,151401.52,155935.32,5500.00,5664.70,255000.00,262636.11,155000.00,159641.56,42337.67,43605.49,9992500.00,10291730.63,66.00,71394.00,73531.93,2.17,142762.56,5139452.00,36.00,178559.99,176774390.00,990.00,3.51,2984,2984,55.10,55.10,35.30,35.30,3.00,3.00,2.20,2.20,4.40,4.40,194909.54,198900.00,37000.00,37757.52,800000.00,816378.73,180000.00,183685.21,103681.57,105804.29,27482245.00,28044900.42,141.00,78638.00,80247.99,2.29,50.00,16.40,141817.40,4963609.00,35.00,178631.54,176487964.00,988.00,3.42,3190,46.74,33.13,0.00,0.72,0.00,0.00,2.57,16.83
370630016013,139837.84,144025.36,18500.00,19053.99,237000.00,244097.09,140000.00,144192.37,39868.02,41061.89,5174000.00,5328938.13,37.00,53249.00,54843.57,2.63,139439.07,3904294.00,28.00,156582.92,89095684.00,569.00,4.69,1698,1698,67.90,67.90,21.20,21.20,1.60,1.60,2.20,2.20,7.10,7.10,188087.67,191938.47,60500.00,61738.64,800000.00,816378.73,180000.00,183685.21,89796.72,91635.17,13730400.00,14011508.18,73.00,75104.00,76641.64,2.40,25.10,14.70,134045.52,3619229.00,27.00,156518.88,89372281.00,571.00,4.52,1517,59.39,20.70,0.00,0.00,0.00,0.00,0.00,19.91
370630016031,143447.37,147742.98,29500.00,30383.39,198000.00,203929.21,149000.00,153461.88,42562.01,43836.55,2725500.00,2807116.52,19.00,62483.00,64354.09,2.38,148877.70,1488777.00,10.00,162306.71,37492850.00,231.00,4.15,638,638,71.80,71.80,17.20,17.20,1.10,1.10,1.30,1.30,8.60,8.60,168225.81,171669.97,15500.00,15817.34,266000.00,271445.93,173000.00,176541.90,54127.14,55235.31,5215000.00,5321768.86,31.00,67917.00,69307.49,2.55,NaN,13.80,160858.60,1608586.00,10.00,161098.70,37535996.00,233.00,4.12,751,79.89,12.78,0.00,0.00,0.00,0.00,0.00,7.32
370630016032,199156.55,205120.40,67500.00,69521.32,305000.00,314133.38,200000.00,205989.10,45447.14,46808.08,21508907.00,22153002.45,108.00,82723.00,85200.18,2.42,166190.88,1329527.00,8.00,201829.81,208490189.00,1033.00,0.77,2624,2624,58.60,58.60,25.00,25.00,7.60,7.60,2.90,2.90,5.90,5.90,215102.36,219506.24,27000.00,27552.78,359000.00,366349.96,220000.00,224504.15,57971.37,59158.24,27318000.00,27877292.76,127.00,67533.00,68915.63,3.26,31.20,20.50,162995.82,1792954.00,11.00,202109.07,208576557.00,1032.00,1.05,2885,52.76,26.48,0.00,7.07,0.00,1.56,2.08,10.05
370630016033,151580.00,156119.14,20500.00,21113.88,465000.00,478924.67,140000.00,144192.37,87117.82,89726.61,3789500.00,3902978.56,25.00,58047.00,59785.25,2.41,183465.36,2018119.00,11.00,149905.75,57263997.00,382.00,2.80,1227,1227,77.80,77.80,12.60,12.60,2.00,2.00,2.30,2.30,5.40,5.40,157815.79,161046.82,16000.00,16327.57,236000.00,240831.73,169000.00,172460.01,42577.82,43449.53,5997000.00,6119779.07,38.00,54912.00,56036.24,3.08,16.10,16.10,190076.70,1900767.00,10.00,150036.40,57463941.00,383.00,2.54,1210,78.93,15.87,0.00,0.00,0.00,0.00,5.21,0.00
370630016034,276823.53,285113.16,133000.00,136982.75,415000.00,427427.39,289000.00,297654.26,76714.04,79011.28,9412000.00,9693847.25,34.00,96820.50,99719.84,2.98,239728.75,1917830.00,8.00,262697.90,141856864.00,540.00,1.46,1782,1782,87.30,87.30,6.40,6.40,0.90,0.90,2.40,2.40,3.00,3.00,268765.63,274268.18,32000.00,32655.15,519000.00,529625.70,276500.00,282160.90,105550.90,107711.89,17201000.00,17553163.22,64.00,109083.00,111316.30,2.53,NaN,14.30,227595.14,1593166.00,7.00,263140.76,142622290.00,542.00,1.28,1431,93.64,4.12,0.00,0.00,0.00,0.00,0.00,2.24
370630016041,214080.11,220490.85,46000.00,47377.49,374000.00,385199.63,220000.00,226588.01,60581.49,62395.63,12202566.00,12567978.21,57.00,82264.00,84727.44,2.67,164236.24,2792016.00,17.00,225133.61,152640588.00,678.00,2.45,1979,1979,79.10,79.10,11.30,11.30,3.20,3.20,2.40,2.40,3.90,3.90,222809.52,227371.19,500.00,510.24,490000.00,500031.97,217250.00,221697.85,77639.18,79228.72,18716000.00,19099180.44,84.00,74132.00,75649.74,2.93,23.50,14.50,164236.24,2792016.00,17.00,225325.76,152996191.00,679.00,2.44,1882,83.79,9.09,0.53,0.69,0.00,2.12,2.44,1.33
370630016042,230178.57,237071.39,15000.00,15449.18,435000.00,448026.30,233500.00,240492.28,66731.38,68729.69,12890000.00,13275997.78,56.00,93083.50,95870.93,2.51,218152.68,4799359.00,22.00,249037.86,241815764.00,971.00,2.22,2842,2842,83.10,83.10,12.10,12.10,1.20,1.20,1.30,1.30,2.30,2.30,237014.42,241866.91,20000.00,20409.47,400000.00,408189.37,235500.00,240321.49,65014.35,66345.42,24649500.00,25154159.46,104.00,105673.00,107836.49,2.23,23.30,16.00,215037.60,4300752.00,20.00,248835.11,241867731.00,972.00,2.02,2647,87.87,7.93,0.00,0.53,0.00,0.00,0.83,2.83
370630016043,202338.71,208397.85,21000.00,21628.86,460000.00,473774.94,184000.00,189509.98,95662.55,98527.22,6272500.00,6460333.29,31.00,79810.00,82199.95,2.31,185948.40,929742.00,5.00,233131.61,114700752.00,492.00,1.01,1824,1824,58.50,58.50,28.80,28.80,4.80,4.80,1.80,1.80,6.10,6.10,239363.64,244264.23,60000.00,61228.40,412000.00,420435.05,241000.00,245934.09,79251.21,80873.75,13165000.00,13434532.52,55.00,91979.00,93862.12,2.62,27.90,19.70,185948.40,929742.00,5.00,233131.61,114700752.00,492.00,1.01,2070,62.95,28.21,0.00,3.04,0.00,0.00,3.91,1.88
370630017051,134952.83,138994.06,78000.00,80335.75,254000.00,261606.16,131000.00,134922.86,30767.94,31689.30,7152500.00,7366685.35,53.00,45989.50,47366.68,2.85,129194.81,2713091.00,21.00,145286.06,79326187.00,546.00,3.70,1611,1611,54.30,54.30,27.10,27.10,2.50,2.50,2.30,2.30,13.80,13.80,160645.83,163934.80,21000.00,21429.94,275500.00,281140.43,165250.00,168633.23,43968.73,44868.92,11566500.00,11803305.76,72.00,64030.00,65340.91,2.58,21.90,16.30,124905.91,2872836.00,23.00,145395.99,79677000.00,548.00,4.03,1747,41.90,38.87,0.00,0.00,0.00,0.00,0.40,18.83
370630017052,222859.50,229533.14,61000.00,62826.68,735000.00,757009.96,142500.00,146767.24,168850.08,173906.38,8022942.00,8263193.19,36.00,43832.50,45145.09,3.25,142300.92,1849912.00,13.00,298554.71,123303097.00,413.00,3.05,1535,1535,70.10,70.10,17.50,17.50,3.70,3.70,2.00,2.00,6.80,6.80,290936.62,296893.09,1500.00,1530.71,780000.00,795969.26,190000.00,193889.95,212556.33,216908.08,20656500.00,21079409.11,71.00,50522.00,51556.36,3.76,39.00,13.80,140078.25,2241252.00,16.00,300484.36,123499070.00,411.00,3.75,2084,66.03,21.21,0.00,6.05,0.00,0.00,0.00,6.72
370630017053,117953.13,121485.30,50000.00,51497.28,240000.00,247186.93,114500.00,117928.76,48377.11,49825.79,3774500.00,3887529.37,32.00,51817.00,53368.69,2.21,97911.79,1860324.00,19.00,122814.86,31317789.00,255.00,6.93,1373,1373,42.90,42.90,35.30,35.30,4.10,4.10,3.30,3.30,14.50,14.50,137127.17,139934.63,59850.00,61075.33,225000.00,229606.52,138250.00,141080.45,37580.69,38350.10,6307850.00,6436993.23,46.00,57936.00,59122.15,2.39,23.60,25.40,99448.28,1790069.00,18.00,122587.68,31137270.00,254.00,6.62,1371,47.05,29.69,0.00,0.00,0.00,0.00,0.07,23.19
370630017061,288720.59,297366.48,97500.00,100419.69,479000.00,493343.91,261000.00,268815.78,97645.48,100569.52,9816500.00,10110460.22,34.00,41293.50,42530.06,6.32,174559.80,872799.00,5.00,295615.59,96961913.00,328.00,1.50,2310,2310,61.80,61.80,20.50,20.50,8.40,8.40,2.90,2.90,6.50,6.50,315414.89,321872.51,138000.00,140825.33,500000.00,510236.71,288000.00,293896.34,92265.53,94154.52,14824500.00,15128008.15,47.00,39196.00,39998.48,7.35,25.40,14.30,174559.80,872799.00,5.00,295072.75,97078935.00,329.00,1.50,3313,47.66,32.30,0.00,10.20,0.00,0.00,1.39,8.45
370630017062,195904.76,201771.23,59000.00,60766.79,416000.00,428457.34,189000.00,194659.70,89941.04,92634.37,4114000.00,4237195.88,21.00,49102.00,50572.39,3.85,139582.40,1395824.00,10.00,232754.56,54930076.00,236.00,4.07,1869,1869,54.40,54.40,25.30,25.30,7.10,7.10,2.70,2.70,10.60,10.60,218166.67,222633.29,72000.00,73474.09,475000.00,484724.87,211500.00,215830.13,74652.45,76180.84,6545000.00,6678998.50,30.00,54125.00,55233.12,3.91,19.20,14.80,139582.40,1395824.00,10.00,233220.15,54340295.00,233.00,4.12,1720,52.96,29.30,0.00,14.24,0.00,0.00,2.27,1.22
370630017071,231730.77,238670.07,65000.00,66946.46,614000.00,632386.55,190000.00,195689.65,108750.37,112006.96,9037500.00,9308132.66,39.00,87993.50,90628.51,2.16,197431.82,2171750.00,11.00,241663.13,97148579.00,402.00,2.66,1068,1068,80.60,80.60,7.90,7.90,2.50,2.50,1.70,1.70,7.30,7.30,266046.30,271493.18,34500.00,35206.33,600000.00,612284.05,250000.00,255118.35,111781.22,114069.76,14366500.00,14660631.32,54.00,77411.00,78995.87,3.23,27.30,19.60,197431.82,2171750.00,11.00,241738.30,96695320.00,400.00,2.68,1159,71.27,4.92,0.00,2.93,0.00,0.00,1.12,19.76
370630017072,207626.00,213843.47,58000.00,59736.84,375000.00,386229.57,216500.00,222983.21,64069.69,65988.29,9550796.00,9836799.57,46.00,60583.00,62397.19,3.57,184301.60,3686032.00,20.00,220081.37,108940279.00,495.00,3.88,1601,1601,79.50,79.50,10.50,10.50,2.60,2.60,2.70,2.70,4.80,4.80,242833.33,247804.96,100000.00,102047.34,380000.00,387779.90,240000.00,244913.62,64051.45,65362.80,15298500.00,15611712.55,63.00,59129.00,60339.57,4.06,26.30,16.70,183191.85,3663837.00,20.00,219366.22,109683109.00,500.00,3.85,1862,67.19,9.45,0.00,10.79,0.00,0.00,8.75,3.81
370630017073,229153.85,236015.98,144000.00,148312.16,415000.00,427427.39,198000.00,203929.21,77802.20,80132.03,2979000.00,3068207.71,13.00,69057.00,71124.95,2.87,200084.75,800339.00,4.00,251033.34,58239736.00,232.00,1.69,627,627,85.00,85.00,5.40,5.40,4.30,4.30,0.80,0.80,4.50,4.50,263285.71,268676.07,115000.00,117354.44,430000.00,438803.57,258500.00,263792.38,77770.84,79363.07,7372000.00,7522930.02,28.00,70625.00,72070.93,3.66,NaN,14.80,199572.20,997861.00,5.00,251033.34,58239736.00,232.00,2.11,438,96.80,0.00,0.00,3.20,0.00,0.00,0.00,0.00
370630017074,224871.79,231605.69,20000.00,20598.91,510000.00,525272.22,210500.00,216803.53,100532.85,103543.36,17540000.00,18065244.46,78.00,66934.00,68938.37,3.14,172883.50,4494971.00,26.00,226989.46,147316162.00,649.00,3.85,1744,1744,81.70,81.70,9.00,9.00,2.80,2.80,1.50,1.50,5.10,5.10,307744.79,314045.38,46500.00,47452.01,2375000.00,2423624.36,230000.00,234708.89,388226.74,396175.07,29543500.00,30148356.35,96.00,63190.00,64483.72,3.64,25.30,19.60,175415.17,4209964.00,24.00,226934.28,147507285.00,650.00,3.56,1994,82.60,2.36,0.00,2.66,0.00,0.00,3.06,9.33
370630017075,518142.86,533658.92,165000.00,169941.01,1230000.00,1266832.99,579000.00,596338.46,267636.23,275650.74,21762000.00,22413674.45,42.00,72020.50,74177.19,8.04,863310.60,4316553.00,5.00,644484.76,192056457.00,298.00,1.65,1445,1445,88.00,88.00,3.30,3.30,5.40,5.40,0.80,0.80,2.60,2.60,619601.85,632287.22,145000.00,147968.65,1175000.00,1199056.26,665000.00,678614.82,275391.72,281029.93,33458500.00,34143509.77,54.00,71923.00,73395.51,9.25,38.80,11.70,863310.60,4316553.00,5.00,645408.23,192977060.00,299.00,1.64,1589,85.27,7.17,0.00,4.85,0.00,0.00,0.00,2.71
370630017081,131050.46,134974.83,3894.00,4010.61,196000.00,201869.32,136000.00,140072.59,47311.21,48727.97,7731977.00,7963515.09,59.00,46265.50,47650.94,2.94,129582.67,6349551.00,49.00,141921.75,140928300.00,993.00,4.70,3989,3989,10.40,10.40,76.90,76.90,1.50,1.50,2.90,2.90,8.20,8.20,156735.71,159944.63,5000.00,5102.37,232000.00,236749.83,165250.00,168633.23,45207.21,46132.76,21943000.00,22392248.16,140.00,55563.00,56700.56,2.97,27.70,21.20,130686.94,6665034.00,51.00,141751.95,140617938.00,992.00,4.89,5260,8.65,71.73,0.00,1.31,0.00,0.25,1.62,16.44
370630017091,57166.67,58878.56,17000.00,17509.07,90000.00,92695.10,63000.00,64886.57,25430.34,26191.86,857500.00,883178.29,15.00,37879.50,39013.82,1.66,77907.83,1791880.00,23.00,84937.12,14609184.00,172.00,11.79,971,971,3.60,3.60,81.30,81.30,0.60,0.60,1.60,1.60,12.90,12.90,72750.37,74239.82,14500.00,14796.86,137000.00,139804.86,60000.00,61228.40,36890.84,37646.12,1964260.00,2004475.11,27.00,42171.00,43034.38,1.42,NaN,17.50,77907.83,1791880.00,23.00,85057.78,14544880.00,171.00,11.86,681,0.15,99.85,0.00,0.00,0.00,0.00,0.00,0.00
370630017092,64272.73,66197.41,31500.00,32443.28,89000.00,91665.15,62000.00,63856.62,16008.38,16487.76,707000.00,728171.48,11.00,30232.50,31137.83,2.05,72145.27,1082179.00,15.00,80845.30,13420319.00,166.00,8.29,975,975,0.50,0.50,93.20,93.20,0.00,0.00,1.10,1.10,5.10,5.10,91502.44,93375.81,1600.00,1632.76,675000.00,688819.56,75000.00,76535.51,101428.67,103505.26,3751600.00,3828408.07,41.00,27961.00,28533.46,2.68,30.20,29.20,72145.27,1082179.00,15.00,80891.56,13508891.00,167.00,8.24,1027,0.00,91.72,0.00,0.00,0.00,0.00,1.36,6.91
370630017093,117982.57,121515.62,31256.00,32191.98,210000.00,216288.56,122750.00,126425.81,57511.72,59233.94,1651756.00,1701218.70,14.00,23339.00,24037.90,5.26,74583.56,1864589.00,25.00,118012.71,27378949.00,232.00,9.73,4163,4163,17.20,17.20,67.30,67.30,1.00,1.00,2.30,2.30,12.10,12.10,137950.00,140774.31,6000.00,6122.84,240000.00,244913.62,135500.00,138274.15,64096.96,65409.24,5518000.00,5630972.31,40.00,23307.00,23784.17,5.81,39.20,28.60,74583.56,1864589.00,25.00,118386.59,27347303.00,231.00,9.77,4769,17.38,61.73,0.00,3.65,0.00,0.00,4.53,12.71
370630017101,148395.35,152839.13,90500.00,93210.07,240000.00,247186.93,150000.00,154491.83,34058.52,35078.42,6381000.00,6572082.38,43.00,51569.50,53113.78,2.91,130718.78,1176469.00,9.00,154612.27,91530462.00,592.00,1.50,2581,2581,36.40,36.40,43.00,43.00,5.20,5.20,3.10,3.10,12.30,12.30,177536.08,181170.85,25000.00,25511.84,631000.00,643918.73,176000.00,179603.32,61068.07,62318.34,17221000.00,17573572.69,97.00,49643.00,50659.36,3.55,35.40,19.90,130718.78,1176469.00,9.00,154726.56,92217032.00,596.00,1.49,3022,31.40,43.78,0.40,10.56,0.00,0.00,0.99,12.87
370630017102,113250.00,116641.33,68000.00,70036.30,163000.00,167881.12,115000.00,118443.74,24194.66,24919.18,2265000.00,2332826.61,20.00,31167.00,32100.31,3.69,128582.75,1028662.00,8.00,130766.90,29422552.00,225.00,3.43,2124,2124,14.60,14.60,36.10,36.10,1.10,1.10,3.20,3.20,45.00,45.00,136516.13,139311.08,46500.00,47452.01,202500.00,206645.87,137500.00,140315.09,31986.32,32641.19,4232000.00,4318643.49,31.00,40313.00,41138.34,3.41,32.10,17.60,128582.75,1028662.00,8.00,130513.97,29626672.00,227.00,3.40,1326,23.45,49.02,0.00,0.00,0.00,0.00,1.43,26.09
370630017111,129150.00,133017.46,60000.00,61796.73,157000.00,161701.45,135000.00,139042.65,27219.33,28034.43,1291500.00,1330174.64,10.00,36068.50,37148.59,3.74,157465.00,1259720.00,8.00,141401.77,19372043.00,137.00,5.52,1305,1305,29.10,29.10,37.30,37.30,1.50,1.50,2.50,2.50,29.60,29.60,138000.00,140825.33,90000.00,91842.61,199000.00,203074.21,132750.00,135467.85,29169.93,29767.14,1932000.00,1971554.64,14.00,50000.00,51023.67,2.66,19.60,16.30,157465.00,1259720.00,8.00,141240.70,19491217.00,138.00,5.48,1161,35.23,25.41,0.00,0.00,0.00,0.00,3.10,36.26
370630017112,181666.67,187106.77,139000.00,143162.43,222000.00,228647.91,184000.00,189509.98,41549.17,42793.38,545000.00,561320.31,3.00,31365.00,32304.24,5.87,112341.00,112341.00,1.00,156110.61,5932203.00,38.00,2.56,1616,1616,14.80,14.80,52.70,52.70,1.20,1.20,2.30,2.30,29.00,29.00,177714.29,181352.71,115000.00,117354.44,222000.00,226545.10,172500.00,176031.66,36526.08,37273.89,1244000.00,1269468.93,7.00,29706.00,30314.18,5.81,34.50,13.30,112341.00,112341.00,1.00,156110.61,5932203.00,38.00,2.56,1821,14.83,63.15,0.00,1.59,0.00,0.00,5.33,15.10
370630017113,123250.00,126940.79,119000.00,122563.52,127500.00,131318.05,123250.00,126940.79,6010.41,6190.39,246500.00,253881.57,2.00,31942.00,32898.52,3.86,105031.00,105031.00,1.00,129380.59,2846373.00,22.00,4.35,1582,1582,25.50,25.50,50.40,50.40,2.10,2.10,2.10,2.10,19.80,19.80,233394.29,238172.67,98760.00,100781.95,800000.00,816378.73,133000.00,135722.96,252364.25,257531.01,1633760.00,1667208.65,7.00,38267.00,39050.46,3.48,31.50,17.50,105031.00,105031.00,1.00,129380.59,2846373.00,22.00,4.35,1638,28.88,45.48,0.00,1.89,0.00,0.00,1.40,22.34
370630018011,111663.64,115007.47,2000.00,2059.89,168500.00,173545.82,125000.00,128743.19,38931.69,40097.52,6141500.00,6325410.42,55.00,65030.50,66977.87,1.92,113742.28,2047361.00,18.00,139522.39,86224835.00,618.00,2.83,1890,1890,26.80,26.80,56.30,56.30,0.40,0.40,2.80,2.80,13.70,13.70,158161.63,161399.74,27000.00,27552.78,350000.00,357165.70,160000.00,163275.75,45536.26,46468.54,13601900.00,13880377.35,86.00,87229.00,89014.88,1.83,NaN,15.30,114249.89,2056498.00,18.00,139582.78,86541321.00,620.00,2.82,1693,43.00,46.19,0.00,0.00,0.00,0.00,9.39,1.42
370630018012,107684.63,110909.30,32508.00,33481.47,189000.00,194659.70,100000.00,102994.55,52457.07,54027.92,2046008.00,2107276.78,19.00,28836.50,29700.02,3.47,90925.15,1818503.00,20.00,126888.71,21444192.00,169.00,10.58,658,658,30.20,30.20,41.20,41.20,0.20,0.20,2.00,2.00,26.40,26.40,151279.41,154376.62,14000.00,14286.63,301000.00,307162.50,130500.00,133171.78,80892.48,82548.63,5143500.00,5248805.01,34.00,50568.00,51603.30,2.58,29.20,16.80,90925.15,1818503.00,20.00,125677.42,21365161.00,170.00,10.53,750,16.27,33.33,0.00,0.00,0.00,0.00,0.00,50.40
370630018013,116797.46,120295.02,13000.00,13389.29,245000.00,252336.65,133000.00,136982.75,51204.49,52737.84,8876607.00,9142421.63,76.00,59650.00,61436.25,2.23,93886.16,3004357.00,32.00,125016.94,98763382.00,790.00,3.89,2550,2550,19.90,19.90,61.40,61.40,0.50,0.50,1.60,1.60,16.70,16.70,133300.00,136029.11,15000.00,15307.10,252000.00,257159.30,139500.00,142356.04,45135.33,46059.40,11330500.00,11562474.03,85.00,60134.00,61365.15,2.32,25.40,22.20,94469.78,3023033.00,32.00,124943.14,98830027.00,791.00,3.89,3758,15.09,68.52,0.00,0.00,0.00,0.00,0.00,16.39
370630018014,97080.97,99988.11,26000.00,26778.58,155000.00,159641.56,100500.00,103509.52,30637.42,31554.87,2912429.00,2999643.21,30.00,48639.00,50095.52,2.07,84285.14,1179992.00,14.00,116722.78,37001121.00,317.00,4.23,1279,1279,32.90,32.90,40.00,40.00,0.40,0.40,1.60,1.60,25.10,25.10,129346.15,131994.31,2000.00,2040.95,228000.00,232667.94,132000.00,134702.49,34065.19,34762.62,11770500.00,12011482.34,91.00,17068.00,17417.44,7.73,50.00,39.80,85157.27,1277359.00,15.00,116771.61,36899828.00,316.00,4.53,1159,34.34,26.06,0.00,1.73,0.00,0.00,0.00,37.88
370630018015,162400.00,167263.15,15000.00,15449.18,345000.00,355331.21,116000.00,119473.68,146701.40,151094.45,812000.00,836315.76,5.00,41008.50,42236.52,2.83,163241.08,1958893.00,12.00,181500.41,24502555.00,135.00,8.16,746,746,65.80,65.80,18.50,18.50,0.30,0.30,2.40,2.40,13.00,13.00,184090.91,187859.88,62000.00,63269.35,325000.00,331653.86,151500.00,154601.72,94233.97,96163.26,2025000.00,2066458.67,11.00,47688.00,48664.34,3.18,NaN,19.50,163241.08,1958893.00,12.00,181573.49,24149274.00,133.00,8.28,492,42.89,38.62,0.00,0.00,0.00,0.00,0.00,18.50
370630018021,90151.61,92851.25,30000.00,30898.37,169200.00,174266.78,83000.00,85485.48,38096.45,39237.27,2794700.00,2878388.75,31.00,36890.00,37994.69,2.25,92562.05,2036365.00,22.00,119550.70,57384334.00,480.00,4.38,2033,2033,11.70,11.70,63.70,63.70,0.40,0.40,2.40,2.40,21.80,21.80,122577.78,125087.37,16500.00,16837.81,205000.00,209197.05,125000.00,127559.18,48805.97,49805.19,5516000.00,5628931.36,45.00,42173.00,43036.43,2.96,26.80,24.10,92562.05,2036365.00,22.00,119271.82,57250473.00,480.00,4.38,2310,6.10,68.57,0.00,0.78,0.00,0.00,4.85,19.70
370630018022,90291.67,92995.50,39500.00,40682.85,120000.00,123593.46,93750.00,96557.39,25811.78,26584.73,1083500.00,1115945.97,12.00,50597.00,52112.15,1.85,97412.67,1168952.00,12.00,104887.95,24963331.00,238.00,4.80,1629,1629,7.40,7.40,57.60,57.60,0.20,0.20,2.30,2.30,32.50,32.50,224740.74,229341.95,42500.00,43370.12,1053000.00,1074558.51,118000.00,120415.86,303942.54,310165.28,6068000.00,6192232.69,27.00,42262.00,43127.25,2.79,35.30,22.30,97871.75,1174461.00,12.00,104653.36,25012152.00,239.00,4.78,1855,5.23,50.89,0.00,0.00,0.00,0.00,8.89,34.99
370630018023,101620.69,104663.77,30000.00,30898.37,185000.00,190539.92,105000.00,108144.28,31857.01,32810.98,2947000.00,3035249.45,29.00,36476.50,37568.81,2.88,95952.92,2494776.00,26.00,106438.75,46087978.00,433.00,5.66,2176,2176,9.00,9.00,74.40,74.40,0.90,0.90,2.30,2.30,13.40,13.40,112511.76,114815.26,10000.00,10204.73,243000.00,247975.04,112000.00,114293.02,44603.48,45516.67,7650800.00,7807438.01,68.00,40897.00,41734.30,2.74,37.50,24.30,95952.92,2494776.00,26.00,106566.15,46249708.00,434.00,5.65,2125,4.71,58.92,0.00,0.00,0.00,0.00,0.05,36.33
370630018024,66038.46,68016.02,29000.00,29868.42,141000.00,145222.32,75000.00,77245.91,34130.55,35152.61,858500.00,884208.23,13.00,35761.00,36831.88,2.10,74368.59,1264266.00,17.00,96552.95,18345061.00,190.00,8.21,898,898,15.90,15.90,54.60,54.60,0.40,0.40,1.80,1.80,27.30,27.30,85539.52,87290.81,14000.00,14286.63,149000.00,152050.54,90000.00,91842.61,36199.87,36941.00,2822804.00,2880596.44,33.00,35625.00,36354.37,2.53,13.60,13.40,74368.59,1264266.00,17.00,96476.45,18523478.00,192.00,8.13,1162,27.28,9.98,0.00,0.00,0.00,0.00,0.43,62.31
370630018061,126573.53,130363.84,1750.00,1802.40,260000.00,267785.84,113000.00,116383.84,59721.21,61509.59,2151750.00,2216185.28,17.00,58828.00,60589.64,1.92,121272.90,2546731.00,21.00,148277.61,61683487.00,416.00,4.81,1742,1742,82.50,82.50,8.90,8.90,0.30,0.30,0.70,0.70,7.60,7.60,171479.59,174990.36,40000.00,40818.94,816000.00,832706.31,136000.00,138784.38,148563.12,151604.71,8402500.00,8574527.87,49.00,42632.00,43504.82,3.19,50.00,22.00,120182.20,2403644.00,20.00,148210.92,61655742.00,416.00,4.59,2159,71.28,13.66,0.00,0.00,0.00,0.00,0.00,15.05
370630018062,143504.31,147801.62,5000.00,5149.73,230000.00,236887.47,149000.00,153461.88,45157.86,46510.14,16646500.00,17144988.13,116.00,63921.00,65835.15,2.33,143026.33,6150132.00,43.00,161016.84,213830366.00,1328.00,3.14,3930,3930,23.40,23.40,63.00,63.00,0.80,0.80,2.10,2.10,10.70,10.70,192106.16,196039.23,5000.00,5102.37,392000.00,400025.58,189500.00,193379.71,57621.34,58801.05,56095000.00,57243456.24,292.00,68690.00,70096.32,2.76,50.00,19.40,122198.27,6232112.00,51.00,159148.73,215169081.00,1352.00,3.64,3845,21.25,70.69,0.00,1.25,0.00,0.00,1.01,5.80
370630018071,122106.06,125762.59,30500.00,31413.34,227000.00,233797.63,124500.00,128228.22,42594.15,43869.65,4029500.00,4150165.48,33.00,45765.50,47135.97,2.72,109325.83,2514494.00,23.00,142317.32,70020122.00,492.00,4.47,3266,3266,26.70,26.70,44.60,44.60,1.40,1.40,2.20,2.20,25.00,25.00,161857.14,165170.91,500.00,510.24,265000.00,270425.46,171500.00,175011.19,48831.20,49830.94,11330000.00,11561963.80,70.00,47670.00,48645.97,3.60,30.40,19.70,110152.00,2533496.00,23.00,142125.06,69357028.00,488.00,4.50,2882,27.52,48.54,0.21,0.87,0.00,0.00,2.39,20.47
370630018072,143152.30,147439.07,3500.00,3604.81,295000.00,303833.93,144000.00,148312.16,46302.18,47688.72,13313164.00,13711833.65,93.00,80239.00,82641.80,1.79,140120.30,5604812.00,40.00,161450.86,176627241.00,1094.00,3.53,3450,3450,26.70,26.70,59.90,59.90,2.10,2.10,2.60,2.60,8.70,8.70,172160.94,175685.66,5000.00,5102.37,355000.00,362268.06,168000.00,171439.53,51978.05,53042.22,27373590.00,27934020.88,159.00,59566.00,60785.52,2.82,32.90,20.80,140207.05,5608282.00,40.00,161560.58,176424148.00,1092.00,3.53,3631,22.23,56.21,0.00,2.37,0.00,0.00,2.56,16.63
370630018073,112925.93,116307.56,28000.00,28838.47,170000.00,175090.74,113000.00,116383.84,27626.62,28453.91,6098000.00,6280607.79,54.00,57621.50,59347.01,1.96,138144.03,4696897.00,34.00,144479.23,126130370.00,873.00,3.75,2700,2700,13.40,13.40,72.40,72.40,0.90,0.90,2.30,2.30,10.90,10.90,153197.08,156333.55,65000.00,66330.77,210500.00,214809.65,155000.00,158173.38,26583.20,27127.45,20988000.00,21417696.04,137.00,73750.00,75259.91,2.10,22.50,18.20,137283.75,4393080.00,32.00,144451.90,125817603.00,871.00,3.54,2640,19.05,64.39,0.00,0.00,0.00,0.00,1.44,15.11
370630018081,172641.67,177811.51,57500.00,59221.87,275500.00,283749.99,174500.00,179725.49,42054.86,43314.21,10358500.00,10668690.69,60.00,90391.50,93098.32,1.93,136032.70,2720654.00,20.00,193473.93,134077434.00,693.00,2.81,2080,2080,42.80,42.80,42.10,42.10,2.80,2.80,2.70,2.70,9.60,9.60,202102.15,206239.87,5500.00,5612.60,333000.00,339817.65,206000.00,210217.52,58976.72,60184.17,18795500.00,19180308.08,93.00,87155.00,88939.36,2.36,22.50,16.90,135031.10,2835653.00,21.00,193304.00,134346282.00,695.00,2.93,2389,46.80,42.82,0.00,7.03,0.00,0.00,1.26,2.09
370630018082,246642.28,254028.11,40000.00,41197.82,452500.00,466050.35,231750.00,238689.87,59929.48,61724.10,121348000.00,124981829.21,492.00,83862.50,86373.81,2.76,210089.59,9243942.00,44.00,245467.03,569974448.00,2322.00,1.86,2966,2966,49.90,49.90,29.10,29.10,3.80,3.80,2.40,2.40,14.80,14.80,304508.44,310742.77,7500.00,7653.55,2075000.00,2117482.34,280000.00,285732.56,150092.44,153165.34,288674000.00,294584142.75,948.00,91365.00,93235.55,3.06,23.60,18.30,186197.45,9123675.00,49.00,233764.92,575763003.00,2463.00,1.95,5565,45.55,34.93,0.20,7.24,0.00,0.00,2.61,9.47
370630018091,110425.00,113731.73,22500.00,23173.77,185000.00,190539.92,121500.00,125138.38,57337.94,59054.95,2208500.00,2274634.69,20.00,45397.50,46756.95,2.68,124310.79,2983459.00,24.00,136456.37,35205743.00,258.00,8.51,2484,2484,38.70,38.70,44.10,44.10,2.50,2.50,3.10,3.10,11.60,11.60,254166.67,259370.33,40000.00,40818.94,1300000.00,1326615.44,167500.00,170929.30,285064.72,290900.97,12200000.00,12449775.67,48.00,48605.00,49600.11,3.45,23.90,20.40,124310.79,2983459.00,24.00,136358.22,35453138.00,260.00,8.45,2781,36.75,53.72,0.00,1.55,0.00,0.00,1.22,6.76
370630018092,213143.75,219526.45,93500.00,96299.91,385000.00,396529.03,217000.00,223498.18,42808.83,44090.76,17051500.00,17562116.07,80.00,64210.00,66132.80,3.38,157298.88,2516782.00,16.00,205310.57,146386438.00,713.00,2.19,2664,2664,52.00,52.00,34.40,34.40,2.20,2.20,2.40,2.40,9.10,9.10,217153.85,221599.73,45000.00,45921.30,308000.00,314305.81,225000.00,229606.52,49697.16,50714.63,25407000.00,25927168.07,117.00,67436.00,68816.65,3.34,35.30,16.20,160141.44,2562263.00,16.00,205051.11,147636796.00,720.00,2.17,2667,58.60,34.08,0.45,2.51,0.00,1.12,2.74,0.49
370630019001,366069.92,377032.07,74000.00,76215.97,611000.00,629296.71,367750.00,378762.47,93828.30,96638.04,86392500.00,88979568.51,236.00,52396.00,53965.03,7.02,275700.86,1929906.00,7.00,334419.79,289607535.00,866.00,0.80,729,729,83.40,83.40,5.20,5.20,2.50,2.50,1.10,1.10,7.80,7.80,382217.73,390043.03,120000.00,122456.81,586500.00,598507.66,375500.00,383187.77,83749.58,85464.22,222068500.00,226615000.67,581.00,61625.00,62886.67,6.09,41.70,17.00,149047.20,2235708.00,15.00,282883.41,305796970.00,1081.00,1.37,659,81.03,5.77,0.00,5.92,0.00,0.00,6.22,1.06
370630019002,206721.15,212911.52,105000.00,108144.28,520000.00,535571.67,186500.00,192084.84,79830.11,82220.66,10749500.00,11071399.39,52.00,79196.50,81568.08,2.35,168364.58,2020375.00,12.00,229340.67,126596048.00,552.00,2.13,2118,2118,76.80,76.80,12.20,12.20,3.50,3.50,1.90,1.90,5.60,5.60,229355.00,234050.68,62000.00,63269.35,665000.00,678614.82,206500.00,210727.76,94434.98,96368.39,22935500.00,23405068.02,100.00,77721.00,79312.21,2.66,18.20,20.70,172419.27,1896612.00,11.00,228863.86,126790579.00,554.00,1.95,2443,78.92,11.79,0.00,3.44,0.00,0.00,3.52,2.33
370630020071,223540.82,230234.87,42000.00,43257.71,430000.00,442876.57,210000.00,216288.56,76935.57,79239.45,10953500.00,11281508.28,49.00,91369.50,94105.61,2.30,186009.35,3720187.00,20.00,225886.66,123785888.00,548.00,3.52,1732,1732,66.60,66.60,24.70,24.70,2.70,2.70,1.20,1.20,4.90,4.90,253967.03,259166.60,63000.00,64289.83,499500.00,509726.47,245000.00,250015.99,96495.76,98471.36,23111000.00,23584161.11,91.00,92955.00,94858.11,2.64,40.90,18.30,189749.75,3794995.00,20.00,225179.79,124299243.00,552.00,3.50,1827,77.50,18.17,0.77,1.04,0.00,0.00,0.66,1.86
370630020072,351051.09,361563.50,40000.00,41197.82,1850000.00,1905399.22,248000.00,255426.49,333359.22,343341.84,11584686.00,11931595.47,33.00,63953.50,65868.62,3.88,231416.50,1851332.00,8.00,278563.30,132039003.00,474.00,1.66,2306,2306,57.50,57.50,29.00,29.00,4.10,4.10,3.00,3.00,6.40,6.40,286000.00,291855.40,9000.00,9184.26,1100000.00,1122520.76,244500.00,249505.75,186127.06,189937.72,16588000.00,16927613.02,58.00,72071.00,73546.54,3.39,18.00,18.30,231416.50,1851332.00,8.00,278378.02,132507937.00,476.00,1.65,2529,47.17,31.79,0.00,2.73,0.00,0.00,1.82,16.49
370630020073,273333.33,281518.44,97000.00,99904.72,1270000.00,1308030.81,249500.00,256971.41,217552.59,224067.32,9840000.00,10134663.94,36.00,83633.50,86137.95,2.98,204465.31,2658049.00,13.00,230472.65,67298014.00,292.00,4.26,816,816,36.60,36.60,51.30,51.30,2.60,2.60,3.70,3.70,5.80,5.80,283557.74,289363.14,1000.00,1020.47,950000.00,969449.74,225000.00,229606.52,201296.21,205417.43,8790290.00,8970257.26,31.00,73021.00,74515.99,3.08,NaN,21.30,204465.31,2658049.00,13.00,229473.39,66776757.00,291.00,4.28,725,47.59,43.59,0.00,0.00,4.41,0.00,4.28,0.14
370630020081,782750.00,806189.86,261000.00,268815.78,2700000.00,2780852.91,593000.00,610757.69,623800.92,642480.96,20351500.00,20960936.29,26.00,138794.00,142950.26,4.27,528918.17,6347018.00,12.00,656519.49,231094861.00,352.00,3.30,960,960,91.90,91.90,3.00,3.00,1.50,1.50,1.50,1.50,2.20,2.20,656276.60,669712.82,300000.00,306142.02,1650000.00,1683781.14,562500.00,574016.30,313891.63,320318.06,30845000.00,31476502.50,47.00,160781.00,164072.74,3.50,45.20,17.80,536737.22,4830635.00,9.00,655242.94,232611244.00,355.00,2.47,921,87.62,9.01,1.19,1.19,0.00,0.00,0.98,0.00
370630020082,411852.11,424185.24,95000.00,97844.82,945000.00,973298.52,395000.00,406828.48,207344.34,213553.37,29241500.00,30117151.98,71.00,146672.50,151064.68,2.69,367878.64,4046665.00,11.00,440306.51,315699769.00,717.00,1.51,1947,1947,82.30,82.30,8.70,8.70,4.10,4.10,1.50,1.50,3.40,3.40,467500.00,477071.32,110000.00,112252.08,1400000.00,1428662.78,397500.00,405638.18,247919.60,252995.36,42075000.00,42936418.96,90.00,137000.00,139804.86,2.90,23.90,16.60,389489.67,4673876.00,12.00,440001.59,315921144.00,718.00,1.64,2180,83.62,10.00,0.69,1.05,0.00,0.00,2.34,2.29
370630020091,55535.71,57198.76,20000.00,20598.91,126000.00,129773.14,53750.00,55359.57,30687.92,31606.89,777500.00,800782.64,14.00,37689.50,38818.13,1.43,96181.35,3270166.00,34.00,106845.38,47866732.00,448.00,7.05,1904,1904,1.80,1.80,79.00,79.00,0.10,0.10,1.90,1.90,17.20,17.20,103043.48,105153.13,33500.00,34185.86,193000.00,196951.37,102000.00,104088.29,37634.18,38404.68,4740000.00,4837043.99,46.00,35938.00,36673.77,2.84,36.30,22.80,96181.35,3270166.00,34.00,106857.12,47871990.00,448.00,7.05,1601,0.12,86.70,0.00,0.00,0.00,0.00,0.00,13.18
370630020092,83208.33,85700.05,25000.00,25748.64,170000.00,175090.74,62500.00,64371.60,53745.81,55355.26,998500.00,1028400.60,12.00,44474.50,45806.31,1.41,96881.33,1743864.00,18.00,111812.90,29294981.00,262.00,6.43,1119,1119,1.40,1.40,83.80,83.80,0.00,0.00,2.00,2.00,12.80,12.80,106142.86,108315.97,32000.00,32655.15,237000.00,241852.20,106000.00,108170.18,47808.22,48787.02,3715000.00,3791058.74,35.00,30625.00,31252.00,3.46,39.10,27.60,95383.16,1812280.00,19.00,111916.50,29322122.00,262.00,6.76,1151,2.61,59.34,1.56,7.38,0.00,0.00,0.00,29.11
370630020093,76352.94,78639.37,15000.00,15449.18,162000.00,166851.17,76000.00,78275.86,33733.70,34743.87,2596000.00,2673738.58,34.00,42500.00,43772.68,1.79,91820.95,3397375.00,37.00,103979.39,49806126.00,479.00,7.17,1662,1662,2.10,2.10,88.60,88.60,0.50,0.50,1.40,1.40,7.30,7.30,106890.88,109079.30,10000.00,10204.73,800000.00,816378.73,95000.00,96944.97,107033.27,109224.61,5237653.00,5344885.65,49.00,36818.00,37571.79,2.58,31.40,25.80,92085.15,3591321.00,39.00,103908.03,49668037.00,478.00,7.54,1807,0.39,84.89,0.00,0.00,0.00,0.00,3.98,10.74
370630020131,175580.65,180838.50,94000.00,96814.88,305000.00,314133.38,157500.00,162216.42,47316.86,48733.79,5443000.00,5605993.48,31.00,73965.00,76179.92,2.13,205060.17,2460722.00,12.00,194778.05,76742553.00,394.00,2.96,1553,1553,49.80,49.80,34.70,34.70,1.90,1.90,2.60,2.60,10.90,10.90,225171.43,229781.46,101386.00,103461.72,380000.00,387779.90,208000.00,212258.47,71914.74,73387.08,10357886.00,10569947.30,46.00,55714.00,56854.66,3.73,33.20,23.40,201791.55,2219707.00,11.00,195243.02,76535262.00,392.00,2.73,1387,43.04,41.02,0.00,2.09,0.00,0.00,8.36,5.48
370630020132,150775.00,155290.04,114000.00,117413.79,185000.00,190539.92,153000.00,157581.66,20181.72,20786.07,3015500.00,3105800.72,20.00,65742.50,67711.19,2.33,146178.25,1754139.00,12.00,153597.62,42546540.00,277.00,4.15,898,898,56.90,56.90,26.50,26.50,3.90,3.90,4.30,4.30,8.40,8.40,201850.00,205982.56,115500.00,117864.68,631000.00,643918.73,194500.00,198482.08,76661.86,78231.39,8074000.00,8239302.36,40.00,70813.00,72262.78,2.75,25.50,13.60,146178.25,1754139.00,12.00,153506.57,42367814.00,276.00,4.17,1018,55.99,28.68,0.00,0.49,0.00,2.16,1.08,11.59
370630020133,186250.00,191827.35,64000.00,65916.51,297500.00,306408.79,193000.00,198779.49,46741.36,48141.05,13782500.00,14195224.16,74.00,78138.00,80477.88,2.47,159435.69,2550971.00,16.00,195159.38,138758316.00,711.00,2.20,2030,2030,60.40,60.40,19.80,19.80,6.70,6.70,3.30,3.30,9.80,9.80,220234.78,224743.74,75000.00,76535.51,300000.00,306142.02,225000.00,229606.52,46216.04,47162.24,25327000.00,25845530.19,115.00,74914.00,76447.75,3.00,24.10,17.50,158462.00,2693854.00,17.00,195126.72,139125348.00,713.00,2.33,2145,66.85,13.94,0.00,5.83,0.00,0.51,2.28,10.58
370630020151,163607.14,168506.44,60000.00,61796.73,257000.00,264696.00,165500.00,170455.98,46190.95,47574.16,6871500.00,7077270.65,42.00,39175.50,40348.63,4.22,171543.20,1715432.00,10.00,189972.91,60031440.00,316.00,3.07,2253,2253,28.10,28.10,27.30,27.30,2.10,2.10,2.20,2.20,40.20,40.20,204731.34,208922.89,2000.00,2040.95,360000.00,367370.43,208000.00,212258.47,65501.87,66842.92,13717000.00,13997833.84,67.00,42434.00,43302.77,4.90,32.70,16.90,171543.20,1715432.00,10.00,189931.59,60588177.00,319.00,3.04,2595,34.45,28.98,0.00,0.46,0.00,0.00,0.08,36.03
370630020152,201642.86,207681.16,105000.00,108144.28,469500.00,483559.42,170000.00,175090.74,90988.76,93713.47,4234500.00,4361304.31,21.00,33015.50,34004.17,5.15,329229.00,1316916.00,4.00,254350.24,35100333.00,138.00,2.82,2183,2183,31.40,31.40,30.50,30.50,7.70,7.70,3.50,3.50,27.00,27.00,278803.57,284511.63,90000.00,91842.61,790000.00,806174.00,208500.00,212768.71,149110.16,152162.95,7806500.00,7966325.72,28.00,32204.00,32863.33,6.47,32.80,23.20,329229.00,1316916.00,4.00,254350.24,35100333.00,138.00,2.82,2153,44.96,26.94,0.00,7.52,0.00,0.00,5.43,15.14
370630020153,NaN,NaN,NaN,NaN,NaN,NaN,NaN,NaN,NaN,NaN,NaN,NaN,NaN,NaN,NaN,NaN,162983.50,325967.00,2.00,205137.13,1641097.00,8.00,20.00,691,691,77.70,77.70,7.70,7.70,9.40,9.40,1.30,1.30,3.90,3.90,325000.00,331653.86,325000.00,331653.86,325000.00,331653.86,325000.00,331653.86,NaN,NaN,325000.00,331653.86,1.00,70735.00,72183.19,4.59,25.20,10.00,162983.50,325967.00,2.00,205137.13,1641097.00,8.00,20.00,757,74.37,9.12,0.00,14.40,0.00,0.00,0.66,1.45
370630020161,NaN,NaN,NaN,NaN,NaN,NaN,NaN,NaN,NaN,NaN,NaN,NaN,NaN,NaN,NaN,NaN,NaN,NaN,NaN,266111.50,532223.00,2.00,NaN,3228,3228,19.10,19.10,27.90,27.90,8.00,8.00,2.20,2.20,42.80,42.80,NaN,NaN,NaN,NaN,NaN,NaN,NaN,NaN,NaN,NaN,NaN,NaN,NaN,NaN,NaN,NaN,NaN,NaN,NaN,NaN,NaN,266111.50,532223.00,2.00,NaN,2982,19.18,30.25,0.00,5.33,0.00,0.00,4.02,41.21
370630020162,183400.00,188892.01,155000.00,159641.56,197000.00,202899.27,195000.00,200839.38,18242.81,18789.10,917000.00,944460.04,5.00,38033.00,39171.92,5.13,240997.50,2891970.00,12.00,233691.45,16124710.00,69.00,14.81,2156,2156,31.60,31.60,30.30,30.30,8.30,8.30,2.60,2.60,27.10,27.10,291525.00,297493.51,125000.00,127559.18,619000.00,631673.04,259500.00,264812.85,137259.02,140069.18,5830500.00,5949870.25,20.00,35441.00,36166.60,7.32,31.40,18.70,240997.50,2891970.00,12.00,231475.14,16203260.00,70.00,14.63,2749,31.43,35.58,0.00,3.86,0.00,0.00,0.84,28.30
370630020171,329519.48,339387.11,60000.00,61796.73,980000.00,1009346.61,318500.00,328037.65,129366.10,133240.04,25373000.00,26132807.73,77.00,103529.50,106629.74,3.08,294978.76,6194554.00,21.00,355455.58,293250852.00,825.00,2.48,2308,2308,81.40,81.40,5.70,5.70,7.00,7.00,2.70,2.70,3.20,3.20,387166.68,395093.30,120000.00,122456.81,1250000.00,1275591.77,365000.00,372472.80,167062.67,170483.01,40652501.00,41484796.54,105.00,94243.00,96172.48,3.87,36.70,12.80,290262.59,6385777.00,22.00,355261.40,294156442.00,828.00,2.59,2352,80.53,1.45,0.00,9.48,0.00,0.00,6.12,2.42
370630020172,306974.36,316166.87,2500.00,2574.86,575000.00,592218.68,320000.00,329582.57,100252.38,103254.49,11972000.00,12330507.79,39.00,79530.50,81912.08,4.02,251655.30,2516553.00,10.00,363103.64,144515250.00,398.00,2.45,1339,1339,79.70,79.70,6.90,6.90,7.90,7.90,2.20,2.20,3.20,3.20,434272.73,443163.78,218000.00,222463.20,3209000.00,3274699.19,367000.00,374513.74,397481.79,405619.60,23885000.00,24374007.53,55.00,70208.00,71645.40,5.23,32.70,16.10,251015.64,2761172.00,11.00,364276.11,145710444.00,400.00,2.68,1466,74.42,15.28,0.00,6.75,0.00,1.02,1.50,1.02
370630020173,302360.00,311414.33,140000.00,144192.37,530000.00,545871.13,315250.00,324690.33,94526.05,97356.68,15118000.00,15570716.40,50.00,62107.00,63966.83,5.08,287580.00,3163380.00,11.00,324536.92,183687895.00,566.00,1.91,3007,3007,71.40,71.40,8.40,8.40,12.40,12.40,2.10,2.10,5.70,5.70,324576.92,331222.12,137500.00,140315.09,509000.00,519420.97,339000.00,345940.49,79625.99,81256.21,21097500.00,21529437.88,65.00,62563.00,63843.88,5.42,47.10,16.70,287580.00,3163380.00,11.00,324120.69,184100552.00,568.00,1.90,3797,69.66,9.69,0.00,11.22,0.00,0.26,4.00,5.16
370630020181,505126.87,520253.16,70000.00,72096.19,1300000.00,1338929.18,509000.00,524242.27,268245.31,276278.06,33843500.00,34856961.28,67.00,84881.00,87422.81,6.00,372379.69,5958075.00,16.00,489154.73,268056791.00,548.00,2.84,2327,2327,83.10,83.10,7.30,7.30,3.70,3.70,1.40,1.40,4.60,4.60,553405.80,564735.91,95000.00,96944.97,3350000.00,3418585.94,482000.00,491868.19,473584.63,483280.52,38185000.00,38966777.37,69.00,106563.00,108744.71,4.52,27.40,10.20,396580.82,6741874.00,17.00,488943.14,268918728.00,550.00,3.00,2422,83.57,2.02,0.58,10.90,0.00,0.00,0.78,2.15
370630020182,316500.00,325977.76,134000.00,138012.70,490000.00,504673.31,343000.00,353271.31,87993.02,90628.02,18990000.00,19558665.46,60.00,39530.50,40714.26,8.68,247063.67,2223573.00,9.00,274333.34,79282336.00,289.00,3.02,2701,2701,59.10,59.10,20.50,20.50,9.40,9.40,3.60,3.60,7.60,7.60,294837.50,300873.83,120000.00,122456.81,470000.00,479622.51,246500.00,251546.70,110789.38,113057.62,11793500.00,12034953.23,40.00,51831.00,52892.16,4.76,30.90,20.60,247063.67,2223573.00,9.00,274333.34,79282336.00,289.00,3.02,3610,41.19,36.40,0.00,5.98,0.00,0.00,2.58,13.85
370630020183,299676.77,308650.75,5000.00,5149.73,650000.00,669464.59,305000.00,314133.38,106142.62,109321.12,29668000.00,30556423.75,99.00,104375.00,107500.56,2.92,253187.43,3544624.00,14.00,315476.14,287083286.00,910.00,1.52,2455,2455,72.00,72.00,11.30,11.30,7.20,7.20,3.50,3.50,6.00,6.00,377377.42,385103.62,91000.00,92863.08,1170000.00,1193953.90,345000.00,352063.33,195712.90,199719.81,58493500.00,59691061.73,155.00,110202.00,112458.21,3.13,21.20,15.50,257383.13,3860747.00,15.00,310936.48,287305312.00,924.00,1.60,2642,78.92,10.14,1.21,2.84,0.00,0.00,2.84,4.05
370630020191,561954.55,578782.57,438500.00,451631.11,620000.00,638566.22,580000.00,597368.40,60331.77,62138.44,6181500.00,6366608.24,11.00,43708.50,45017.37,13.27,577537.00,577537.00,1.00,552284.86,61855904.00,112.00,0.88,1399,1399,60.90,60.90,24.20,24.20,5.40,5.40,3.50,3.50,6.10,6.10,569083.33,580734.41,448500.00,457682.33,660000.00,673512.45,575000.00,586772.21,67265.11,68642.26,10243500.00,10453219.43,18.00,63136.00,64428.61,9.11,21.90,12.70,577537.00,577537.00,1.00,552284.86,61855904.00,112.00,0.88,1372,76.24,13.70,0.00,2.70,0.00,0.00,0.00,7.36
370630020192,448720.93,462158.11,141000.00,145222.32,695000.00,715812.14,463000.00,476864.78,134250.76,138270.97,19295000.00,19872798.85,43.00,53422.00,55021.75,8.67,309565.11,5572172.00,18.00,425672.32,87688498.00,206.00,8.04,1536,1536,74.90,74.90,6.90,6.90,10.60,10.60,3.00,3.00,4.60,4.60,462737.70,472211.52,145000.00,147968.65,685000.00,699024.29,474500.00,484214.64,94144.73,96072.19,28227000.00,28804903.10,61.00,54302.00,55413.75,8.74,25.00,24.50,281903.12,4792353.00,17.00,408493.23,89460017.00,219.00,7.20,1784,74.78,9.75,0.00,12.00,0.00,0.00,0.00,3.48
370630020193,313420.45,322805.99,215000.00,221438.29,388500.00,400133.84,320750.00,330355.03,38925.53,40091.18,13790500.00,14203463.72,44.00,86057.50,88634.54,3.73,287172.00,4020408.00,14.00,317851.67,146211767.00,460.00,2.95,1473,1473,86.50,86.50,5.30,5.30,4.10,4.10,1.60,1.60,2.60,2.60,322661.54,329267.52,30000.00,30614.20,495000.00,505134.34,326500.00,333184.57,60925.55,62172.90,20973000.00,21402388.94,65.00,97121.00,99109.40,3.36,16.60,17.30,291668.20,4375023.00,15.00,317695.81,145822377.00,459.00,3.16,1688,84.12,10.72,0.00,3.50,0.00,0.00,0.00,1.66
370630020201,314197.53,323606.34,11000.00,11329.40,1125000.00,1158688.71,295000.00,303833.93,131989.74,135942.24,25450000.00,26212113.54,81.00,140693.50,144906.64,2.10,469457.33,4225116.00,9.00,329346.14,208476106.00,633.00,1.40,2032,2032,67.00,67.00,12.80,12.80,13.30,13.30,3.40,3.40,3.50,3.50,382586.21,390419.06,139500.00,142356.04,1523000.00,1554181.01,330000.00,336756.23,229837.03,234542.58,44380000.00,45288610.18,116.00,118095.00,120512.81,2.79,27.20,19.90,469457.33,4225116.00,9.00,329184.47,209032138.00,635.00,1.40,2102,64.18,12.85,0.00,14.18,0.00,0.00,5.33,3.47
370630020202,385556.56,397102.25,164000.00,168911.07,1152000.00,1186497.24,356000.00,366660.61,140523.28,144731.32,85208000.00,87759598.04,221.00,109673.00,112957.22,3.25,288610.00,2886100.00,10.00,345699.84,618802716.00,1790.00,0.56,3862,3862,56.50,56.50,28.70,28.70,8.40,8.40,3.00,3.00,3.40,3.40,425463.30,434173.99,5000.00,5102.37,2508500.00,2559857.56,383250.00,391096.44,285726.89,291576.70,185502000.00,189299859.52,436.00,126383.00,128970.49,3.03,NaN,18.10,288610.00,2886100.00,10.00,338092.62,622428514.00,1841.00,0.54,4869,62.11,25.12,0.76,7.39,0.00,1.19,1.81,1.62
370630020211,248125.00,255555.23,45500.00,46862.52,299000.00,307953.71,256500.00,264181.03,45242.39,46597.20,10917500.00,11244430.24,44.00,42355.00,43623.34,6.06,210610.47,3159157.00,15.00,257062.43,87915351.00,342.00,4.20,3016,3016,55.80,55.80,25.30,25.30,11.20,11.20,2.80,2.80,4.90,4.90,274819.44,280445.93,85000.00,86740.24,450000.00,459213.04,280000.00,285732.56,54897.62,56021.56,19787000.00,20192107.47,72.00,61979.00,63247.92,4.52,21.30,16.40,210610.47,3159157.00,15.00,257062.43,87915351.00,342.00,4.20,2807,60.78,22.84,0.00,6.48,0.00,0.00,2.74,7.16
370630020212,248500.00,255941.46,80000.00,82395.64,340000.00,350181.48,265000.00,272935.56,65293.99,67249.25,4721500.00,4862887.78,19.00,80540.00,82951.81,3.29,235805.71,1650640.00,7.00,276751.52,71125140.00,257.00,2.65,1416,1416,29.50,29.50,46.40,46.40,10.20,10.20,2.90,2.90,11.00,11.00,293520.00,299529.36,200000.00,204094.68,400000.00,408189.37,300000.00,306142.02,54832.79,55955.40,7338000.00,7488233.92,25.00,71023.00,72477.08,4.22,50.00,21.30,241805.25,1934442.00,8.00,276751.52,71125140.00,257.00,3.02,1711,30.33,41.03,0.00,12.86,0.00,0.00,0.00,15.78
370630020221,168533.33,173580.15,131500.00,135437.84,206000.00,212168.78,162000.00,166851.17,21362.91,22002.63,2528000.00,2603702.28,15.00,45662.50,47029.89,3.55,159810.67,479432.00,3.00,180648.01,38297379.00,212.00,1.40,1822,1822,41.10,41.10,42.00,42.00,7.50,7.50,2.70,2.70,6.80,6.80,213907.89,218287.32,120000.00,122456.81,277000.00,282671.14,220000.00,224504.15,34416.54,35121.16,8128500.00,8294918.16,38.00,53197.00,54286.12,4.14,22.50,15.90,159810.67,479432.00,3.00,180947.10,38541732.00,213.00,1.39,2427,34.03,50.76,1.07,4.16,0.33,1.57,1.57,6.51
370630020222,200302.12,206300.27,1000.00,1029.95,312500.00,321857.98,192500.00,198264.51,43527.61,44831.07,13620544.00,14028418.30,68.00,67496.50,69517.72,2.85,192794.42,2313533.00,12.00,231822.99,137239211.00,592.00,1.99,2485,2485,52.20,52.20,28.20,28.20,5.50,5.50,3.10,3.10,11.00,11.00,243122.88,248100.44,113000.00,115313.50,425500.00,434211.44,235000.00,239811.25,49038.75,50042.74,28688500.00,29275851.58,118.00,78938.00,80554.13,2.98,27.30,16.70,200017.77,2600231.00,13.00,231996.44,136413907.00,588.00,2.16,2261,74.22,18.49,0.00,2.79,0.00,0.00,4.51,0.00
370630020231,223318.18,230005.56,163500.00,168396.09,295500.00,304348.90,222000.00,228647.91,40487.37,41699.79,4913000.00,5060122.35,22.00,51679.00,53226.55,4.30,167338.67,502016.00,3.00,235929.48,63229101.00,268.00,1.11,1195,1195,62.60,62.60,25.00,25.00,2.90,2.90,3.30,3.30,6.20,6.20,250750.00,255883.71,25000.00,25511.84,375000.00,382677.53,247250.00,252312.05,52920.74,54004.21,12537500.00,12794185.45,50.00,61940.00,63208.12,3.99,21.70,16.70,167338.67,502016.00,3.00,236046.89,63260567.00,268.00,1.11,1446,54.08,26.07,0.00,1.59,0.00,0.00,0.00,18.26
370630020232,234295.45,241311.55,153000.00,157581.66,335000.00,345031.75,232500.00,239462.33,47781.16,49211.99,5154500.00,5308854.19,22.00,80836.50,83257.19,2.88,273104.75,1092419.00,4.00,254526.06,81448339.00,320.00,1.23,1613,1613,58.20,58.20,27.90,27.90,6.80,6.80,3.30,3.30,3.80,3.80,269988.89,275516.48,153000.00,156132.43,360000.00,367370.43,265000.00,270425.46,52634.73,53712.34,12149500.00,12398241.76,45.00,77277.00,78859.12,3.43,24.70,11.70,268391.00,1610346.00,6.00,253861.91,80981948.00,319.00,1.85,1862,66.59,15.74,0.00,14.88,0.00,0.00,0.00,2.79
370630020241,257457.59,265167.29,31875.00,32829.51,442000.00,455235.92,235500.00,242552.17,78333.28,80679.01,43252875.00,44548104.92,168.00,102255.00,105317.08,2.30,218042.07,6541262.00,30.00,257971.93,331751906.00,1286.00,2.28,3582,3582,62.60,62.60,18.00,18.00,10.20,10.20,3.40,3.40,5.90,5.90,286860.74,292733.76,29000.00,29593.73,505000.00,515339.07,275000.00,280630.19,79155.31,80775.89,85484500.00,87234659.69,298.00,92155.00,94041.73,2.98,26.10,14.80,217538.52,6308617.00,29.00,257976.91,333048189.00,1291.00,2.20,4070,61.11,24.79,0.00,11.28,0.00,0.00,0.00,2.83
370630020242,192192.31,197947.61,133500.00,137497.73,277000.00,285294.91,174000.00,179210.52,49720.28,51209.18,2498500.00,2573318.89,13.00,54665.00,56301.97,3.18,177178.25,708713.00,4.00,210726.28,33294752.00,158.00,2.47,1033,1033,75.60,75.60,14.60,14.60,2.60,2.60,3.30,3.30,3.90,3.90,227811.11,232475.18,168000.00,171439.53,330000.00,336756.23,225000.00,229606.52,39258.08,40061.83,10251500.00,10461383.22,45.00,52708.00,53787.11,4.27,21.50,20.50,177178.25,708713.00,4.00,210816.53,33098195.00,157.00,2.48,928,72.52,10.99,0.00,0.00,0.00,0.00,0.00,16.49
370630020243,215645.83,222103.46,171500.00,176635.66,301000.00,310013.60,216250.00,222725.72,30114.81,31016.61,5175500.00,5330483.05,24.00,85294.50,87848.69,2.54,233333.00,233333.00,1.00,239071.81,36099843.00,151.00,0.66,1233,1233,71.50,71.50,19.00,19.00,4.10,4.10,1.50,1.50,3.80,3.80,255500.00,260730.96,207000.00,211238.00,320000.00,326551.49,240000.00,244913.62,31380.00,32022.46,5876500.00,5996812.03,23.00,66546.00,67908.42,3.61,37.30,17.50,233333.00,233333.00,1.00,239156.26,36351751.00,152.00,0.65,1190,68.74,9.92,0.00,6.22,0.00,0.00,3.45,11.68
370630020251,192344.66,198104.52,30500.00,31413.34,291000.00,299714.15,193500.00,199294.46,40905.32,42130.25,19811500.00,20404765.71,103.00,66468.00,68458.42,2.91,171039.48,3933908.00,23.00,207174.13,167189522.00,807.00,2.77,2114,2114,32.40,32.40,41.20,41.20,14.00,14.00,2.30,2.30,10.10,10.10,217967.74,222430.28,500.00,510.24,331000.00,337776.70,226000.00,230626.99,47533.20,48506.37,33785000.00,34476694.34,155.00,91196.00,93063.09,2.48,24.40,18.10,171194.83,3937481.00,23.00,206999.01,166427207.00,804.00,2.78,2681,30.03,43.53,0.00,12.83,0.00,0.00,5.18,8.43
370630020252,193232.76,199019.22,36000.00,37078.04,352500.00,363055.80,196500.00,202384.30,51220.22,52754.04,11207500.00,11543114.44,58.00,62641.50,64517.33,3.14,164590.75,1975089.00,12.00,199572.11,104376212.00,523.00,2.24,2464,2464,29.90,29.90,50.00,50.00,3.30,3.30,2.70,2.70,14.10,14.10,222140.24,226688.21,20000.00,20409.47,325000.00,331653.86,241500.00,246444.33,56817.03,57980.27,18215500.00,18588433.50,82.00,58897.00,60102.82,4.10,50.00,19.90,162531.55,1787847.00,11.00,199379.28,104674120.00,525.00,2.05,2553,35.92,43.64,0.00,0.90,0.00,1.76,0.00,17.78
370630020253,138109.38,142245.14,25000.00,25748.64,180500.00,185905.17,142500.00,146767.24,29711.72,30601.45,4419500.00,4551844.23,32.00,43728.00,45037.46,3.26,153920.44,1385284.00,9.00,162805.75,57958848.00,356.00,2.47,1360,1360,40.70,40.70,39.20,39.20,3.20,3.20,2.90,2.90,14.00,14.00,178812.47,182473.37,76000.00,77555.98,370000.00,377575.16,179000.00,182664.74,46108.59,47052.59,8761811.00,8941195.20,49.00,72031.00,73505.72,2.49,19.40,16.10,153920.44,1385284.00,9.00,162639.48,57574376.00,354.00,2.48,1664,51.98,39.60,0.00,0.72,0.00,0.00,3.79,3.91
370630020261,114513.16,117942.32,10000.00,10299.46,184000.00,189509.98,115000.00,118443.74,46719.76,48118.81,4351500.00,4481807.94,38.00,38110.50,39251.74,3.02,113834.38,1821350.00,16.00,133386.41,53487949.00,401.00,3.84,2265,2265,11.20,11.20,67.10,67.10,5.60,5.60,1.90,1.90,14.10,14.10,143152.17,146082.98,10000.00,10204.73,250000.00,255118.35,140000.00,142866.28,45613.97,46547.84,9877500.00,10079726.16,69.00,33611.00,34299.13,4.17,43.50,22.80,112177.29,1570482.00,14.00,133395.56,53758409.00,403.00,3.36,2538,13.28,66.31,0.00,1.02,0.00,0.00,5.52,13.87
370630020262,135687.56,139750.79,46000.00,47377.49,244000.00,251306.71,129000.00,132862.97,51552.73,53096.50,2171001.00,2236012.76,16.00,43990.00,45307.30,2.93,146667.06,2346673.00,16.00,172722.16,54234757.00,314.00,4.85,3548,3548,12.00,12.00,70.10,70.10,1.60,1.60,1.90,1.90,14.40,14.40,210819.77,215135.97,50000.00,51023.67,391500.00,399515.34,175000.00,178582.85,98882.19,100906.65,9065250.00,9250846.63,43.00,45227.00,46152.95,3.87,30.80,15.30,146606.13,2345698.00,16.00,170702.00,54453937.00,319.00,4.78,3896,10.81,75.05,0.00,0.87,0.00,0.00,1.95,11.32
370630020271,157515.38,162232.26,16500.00,16994.10,250000.00,257486.38,183000.00,188480.03,59155.98,60927.44,10238500.00,10545097.23,65.00,49704.00,51192.41,3.68,122321.17,2813387.00,23.00,167808.92,98000410.00,584.00,3.79,1473,1473,37.50,37.50,32.00,32.00,2.70,2.70,2.70,2.70,25.10,25.10,222218.35,226767.92,20000.00,20409.47,490000.00,500031.97,244750.00,249760.87,76072.91,77630.38,35110500.00,35829331.85,158.00,46953.00,47914.29,5.21,32.20,21.80,96436.54,2700223.00,28.00,163706.51,99042439.00,605.00,4.42,1481,34.64,31.94,0.00,8.98,0.00,1.21,3.11,20.12
370630020272,192603.45,198371.06,108000.00,111234.12,273000.00,281175.13,190000.00,195689.65,30135.91,31038.35,11171000.00,11505521.43,58.00,53641.00,55247.31,3.54,146954.83,1763458.00,12.00,210053.78,115529578.00,550.00,2.14,4164,4164,37.50,37.50,41.40,41.40,10.50,10.50,3.60,3.60,7.00,7.00,226719.05,231360.76,137000.00,139804.86,745000.00,760252.69,220000.00,224504.15,65869.37,67217.94,23805500.00,24292879.89,105.00,49381.00,50392.00,4.46,31.80,16.80,153168.18,1684850.00,11.00,209952.85,115893975.00,552.00,1.95,5679,26.24,44.71,0.37,4.67,0.97,0.00,0.63,22.42
370630020273,NaN,NaN,NaN,NaN,NaN,NaN,NaN,NaN,NaN,NaN,NaN,NaN,NaN,NaN,NaN,NaN,NaN,NaN,NaN,NaN,NaN,NaN,NaN,1635,1635,22.40,22.40,54.70,54.70,13.30,13.30,3.00,3.00,6.60,6.60,270000.00,275527.82,270000.00,275527.82,270000.00,275527.82,270000.00,275527.82,NaN,NaN,270000.00,275527.82,1.00,40399.00,41226.11,6.68,25.70,NaN,NaN,NaN,NaN,NaN,NaN,NaN,NaN,1939,15.32,60.60,0.00,7.17,0.00,0.00,1.86,15.06
370630020281,195715.12,201575.91,132000.00,135952.81,255000.00,262636.11,195000.00,200839.38,25441.58,26203.44,16831500.00,17335528.05,86.00,70729.50,72847.53,2.76,196972.91,4333404.00,22.00,218621.75,175334642.00,802.00,2.67,2246,2246,43.80,43.80,33.70,33.70,12.10,12.10,2.80,2.80,7.70,7.70,314105.56,320536.37,6000.00,6122.84,587500.00,599528.13,325000.00,331653.86,101929.53,104016.38,113078000.00,115393092.88,360.00,76750.00,78321.33,4.23,22.00,17.90,187300.05,3746001.00,20.00,202554.16,180678315.00,892.00,2.19,2778,47.23,29.88,0.00,14.54,0.00,0.00,3.46,4.90
370630020282,451157.89,464668.05,323500.00,333187.38,672000.00,692123.39,454250.00,467852.75,74868.81,77110.80,17144000.00,17657386.03,38.00,49096.50,50566.72,9.25,532833.00,532833.00,1.00,428101.08,42382007.00,99.00,1.00,1183,1183,40.70,40.70,38.80,38.80,6.30,6.30,2.80,2.80,11.40,11.40,442928.57,451996.83,410000.00,418394.10,482500.00,492378.42,444000.00,453090.20,29377.47,29978.93,3100500.00,3163977.82,7.00,49643.00,50659.36,8.94,23.00,10.00,532833.00,532833.00,1.00,428101.08,42382007.00,99.00,1.00,1676,35.20,49.94,0.00,10.98,0.00,0.00,3.88,0.00
370630020283,234567.57,241591.82,194500.00,200324.40,277000.00,285294.91,235000.00,242037.20,16677.98,17177.41,8679000.00,8938897.19,37.00,61561.50,63404.99,3.82,229098.83,1374593.00,6.00,262537.19,56970571.00,217.00,2.69,2572,2572,41.10,41.10,35.10,35.10,13.90,13.90,3.70,3.70,6.30,6.30,300119.47,306263.94,95000.00,96944.97,435000.00,443905.94,298000.00,304101.08,60479.42,61717.64,33913500.00,34607825.18,113.00,68868.00,70277.96,4.33,21.60,16.60,131811.92,1581743.00,12.00,243070.47,57850771.00,238.00,4.80,3150,40.00,28.54,2.83,18.16,0.00,1.81,0.38,8.29
370630021001,300242.19,309233.10,25000.00,25748.64,1044000.00,1075263.13,252000.00,259546.27,181310.75,186740.20,19215500.00,19790918.18,64.00,103177.50,106267.20,2.44,327530.50,4585427.00,14.00,369952.50,233440027.00,631.00,2.17,2270,2270,80.90,80.90,13.30,13.30,1.20,1.20,2.00,2.00,2.50,2.50,417468.09,426015.09,4000.00,4081.89,2537500.00,2589451.29,350000.00,357165.70,291535.76,297504.49,39242000.00,40045417.77,94.00,85061.00,86802.49,4.11,32.80,16.50,364186.53,5462798.00,15.00,367493.10,231520655.00,630.00,2.33,2152,79.65,15.89,0.84,0.84,0.00,0.00,0.33,2.46
370630021002,214041.67,220451.26,38000.00,39137.93,349000.00,359450.99,239000.00,246156.98,88255.79,90898.66,5137000.00,5290830.15,24.00,75950.00,78224.36,3.15,267224.00,2939464.00,11.00,251938.22,86414810.00,343.00,3.11,2193,2193,78.40,78.40,14.80,14.80,1.80,1.80,1.80,1.80,3.20,3.20,264087.50,269494.27,30500.00,31124.44,460000.00,469417.77,297500.00,303590.84,109299.28,111537.01,10563500.00,10779770.92,40.00,75278.00,76819.20,3.95,NaN,17.80,248506.33,2982076.00,12.00,251764.08,85851551.00,341.00,3.40,5549,47.70,39.18,1.37,0.00,0.00,0.00,3.10,8.65
370630021003,282900.00,291371.59,135000.00,139042.65,390000.00,401678.75,294000.00,302803.98,74113.20,76332.56,2829000.00,2913715.88,10.00,99723.50,102709.77,2.95,261952.72,4715149.00,18.00,264384.29,81430361.00,308.00,5.52,1899,1899,81.40,81.40,13.10,13.10,0.40,0.40,1.60,1.60,3.50,3.50,303833.33,310053.84,56500.00,57656.75,750000.00,765355.06,279500.00,285222.32,139055.54,141902.48,10938000.00,11161938.22,36.00,100000.00,102047.34,2.80,NaN,17.30,261952.72,4715149.00,18.00,261013.75,81697304.00,313.00,5.44,1583,92.99,4.55,0.00,0.00,0.00,0.00,1.20,1.26
370630022001,281583.33,290015.49,50000.00,51497.28,950000.00,978448.25,214250.00,220665.83,241700.79,248938.65,5068500.00,5220278.88,18.00,48818.00,50279.88,4.39,126626.80,1899402.00,15.00,286526.67,28079614.00,98.00,13.27,1946,1946,51.30,51.30,32.30,32.30,2.70,2.70,2.80,2.80,10.90,10.90,410026.32,418420.96,103500.00,105619.00,975500.00,995471.82,325000.00,331653.86,256657.55,261912.21,7790500.00,7949998.14,19.00,64000.00,65310.30,5.08,23.10,19.40,129730.57,1816228.00,14.00,286290.08,28056428.00,98.00,12.50,1835,64.52,26.97,0.27,2.94,0.00,0.00,2.51,2.78
370630023001,133434.78,137430.55,10000.00,10299.46,235000.00,242037.20,182000.00,187450.09,81592.71,84036.05,3069000.00,3160902.81,23.00,18832.50,19396.45,9.66,74570.33,223711.00,3.00,172647.95,18991274.00,110.00,2.65,1154,1154,6.90,6.90,83.60,83.60,0.10,0.10,0.60,0.60,8.80,8.80,248360.29,253445.07,30000.00,30614.20,440000.00,449008.30,259500.00,264812.85,97190.61,99180.43,16888500.00,17234265.28,68.00,21250.00,21685.06,12.21,29.90,15.50,60304.00,241216.00,4.00,169194.44,19118972.00,113.00,3.42,1058,12.57,77.32,0.00,0.00,0.00,0.00,0.38,9.74
370630023002,NaN,NaN,NaN,NaN,NaN,NaN,NaN,NaN,NaN,NaN,NaN,NaN,NaN,NaN,NaN,NaN,127404.00,127404.00,1.00,63421.22,570791.00,9.00,10.00,177,177,0.00,0.00,65.50,65.50,0.00,0.00,0.60,0.60,33.90,33.90,68666.67,70072.51,11000.00,11225.21,130000.00,132661.54,65000.00,66330.77,59584.67,60804.57,206000.00,210217.52,3.00,14327.00,14620.32,4.54,50.00,NaN,127404.00,127404.00,1.00,63421.22,570791.00,9.00,10.00,426,2.82,65.26,0.00,0.00,0.00,0.00,0.00,31.92
370639801001,NaN,NaN,NaN,NaN,NaN,NaN,NaN,NaN,NaN,NaN,NaN,NaN,NaN,NaN,NaN,NaN,NaN,NaN,NaN,NaN,NaN,NaN,NaN,4,4,0.00,0.00,25.00,25.00,0.00,0.00,0.00,0.00,75.00,75.00,NaN,NaN,NaN,NaN,NaN,NaN,NaN,NaN,NaN,NaN,NaN,NaN,NaN,NaN,NaN,NaN,NaN,NaN,NaN,NaN,NaN,NaN,NaN,NaN,NaN,0,0.00,0.00,0.00,0.00,0.00,0.00,0.00,0.00
